,CATÁLOGO CIENCIAS DE LA SALUD,,,,,,,,
Título,Autor/a,Editorial,Edición,Año,ISBN,Titulación,Materias/Temáticas,Signatura Topográfica,Resumen
Control y aprendizaje motor,"Rosa María Martínez Piédrola, Juan Carlos Miangolarra Page",Médica Panamericana,1ª,2017,978-8491105374,Ciencias de la actividad física y del deporte / Gestión deportiva,"Fisioterapia, Rehabilitación",CYD_1/23,Obra dividida en cinco bloques temáticos que abordan desde conceptos básicos hasta aplicaciones terapéuticas del control y aprendizaje motor. Ideal para profesionales de fisioterapia y rehabilitación.
100 ejercicios y juegos seleccionados de Iniciación al balonmano,"Ana Mayer Arias, David Blanco Luengo, Antonio Wanceulen Moreno",Wanceulen Editorial,1ª,2020,978-8418486791,Ciencias de la actividad física y del deporte / Gestión deportiva,Balonmano,CYD_2/23,"Repertorio práctico de ejercicios y juegos para entrenadores y monitores. Incluye fichas explicativas con objetivos, medios técnico-tácticos y organización."
Fundamentos de Balonmano,Juan L. Antón García,Gymnos,1ª,1990,978-8485945641,Ciencias de la actividad física y del deporte / Gestión deportiva,Balonmano,CYD_3/23,Guía metodológica para entrenadores sobre qué hacer y cómo hacerlo en cada etapa del aprendizaje del balonmano. Incluye ejercicios y sugerencias prácticas.
Iniciación al balonmano a través del juego,"Jesús Villar Ochoa, Francisco Ignacio Martínez Cabrera",Wanceulen,1ª,2022,978-8419175649,Ciencias de la actividad física y del deporte / Gestión deportiva,Balonmano,CYD_4/23,"Propuestas lúdicas predeportivas adaptadas a la sociedad actual. Fomenta la diversidad, la tolerancia y la educación a través del juego."
Metodología de la Investigación Educativa,Rafael Bisquerra Alzina,La Muralla,2ª,2009,978-8471337481,Ciencias de la actividad física y del deporte / Gestión deportiva,Investigación educativa,CYD_5/23,"Manual completo sobre el método científico, metodologías cuantitativas y cualitativas, investigación evaluativa y técnicas de análisis de datos."
1001 juegos y Ejercicios de Pádel,Juanjo Moyano Vázquez,Wanceulen S.L.,1ª,2011,978-8499932262,Ciencias de la actividad física y del deporte / Gestión deportiva,Padel,CYD_1/24,Repertorio extenso de ejercicios para enseñar y entrenar pádel. Incluye explicaciones y representaciones gráficas.
Primeros Auxilios en Animación Deportiva,Pablo A. Gil Morales,Wanceulen Editorial,1ª,2018,978-8498231366,Ciencias de la actividad física y del deporte / Gestión deportiva,Primeros auxilios,CYD_2/24,Manual práctico con pautas para aplicar primeros auxilios en contextos deportivos y recreativos.
Introducción a las Actividades en la Naturaleza,Pedro García Fernández,Wanceulen,1ª,2018,978-8496382978,Ciencias de la actividad física y del deporte / Gestión deportiva,Actividades en la naturaleza,CYD_3/24,"Manual sobre actividades físicas en entornos naturales. Aborda aspectos técnicos, educativos y de seguridad."
Primeros Auxilios y Socorrismo Acuático,Fidel González Fernández et al.,Ediciones Paraninfo,1ª,2008,978-8497326490,Ciencias de la actividad física y del deporte / Gestión deportiva,"Primeros auxilios, Socorrismo",CYD_4/24,"Contenidos conceptuales, supuestos prácticos, anatomía, fisiología y técnicas de intervención en rescate acuático."
Educación Física y Atención a la diversidad,Héctor Gómez Baldazo,Ediciones La Tierra Hoy,-,2009,978-8496182646,Ciencias de la actividad física y del deporte / Gestión deportiva,"Educación Física, Diversidad",CYD_5/24,Guía práctica con juegos cooperativos y estrategias didácticas para atender la diversidad en clases de Educación Física.
1000 Ejercicios y Juegos Aplicados a las Actividades corporales I,"Merce Mateu Serra, Conxita Duran Delgado, Margarida Troguet",Paidotribo,-,1992,8480190124,Ciencias de la actividad física y del deporte / Gestión deportiva,Actividad corporal,CYD_6/24,"Actividades corporales de expresión estructuradas en torno a tres bloques: ejecución, creación y comunicación."
1000 Ejercicios y Juegos Aplicados a las Actividades corporales II,"Merce Mateu Serra, Conxita Duran Delgado, Margarida Troguet",Paidotribo,-,1992,8480190116,Ciencias de la actividad física y del deporte / Gestión deportiva,Actividad corporal,CYD_7/24,"Continuación del volumen I, centrado en expresión corporal y comunicación a través del movimiento."
"Juegos, Deporte y Sociedades",Pierre Parlebas,Paidotribo,1ª,2008,978-8480195508,Ciencias de la actividad física y del deporte / Gestión deportiva,Praxeología Motriz,CYD_8/24,Léxico con 150 entradas que analizan los juegos deportivos desde la acción motriz y su significado social.
Manual Básico de Atletismo. Tomo II: Lanzamientos,Jesús Patricio Durán Piqueras,ESM,1ª,2005,978-8487704840,Ciencias de la actividad física y del deporte / Gestión deportiva,"Atletismo, Lanzamiento",CYD_9/24,"Técnica de lanzamiento de peso, disco, jabalina y martillo. Incluye planificación y métodos de entrenamiento."
Manual Básico de Atletismo. Tomo II: Lanzamientos,Esteban Sanz Martínez (editor),Esteban Sanz Martínez editor,2ª,2003,8487704816,Ciencias de la actividad física y del deporte / Gestión deportiva,"Atletismo, Lanzamiento",CYD_10/24,-
Jugando al Atletismo... ¡Qué fácil es!,José García Grossocordón et al.,Real Federación Española de Atletismo,2ª,2004,978-8487704888,Ciencias de la actividad física y del deporte / Gestión deportiva,Atletismo,CYD_11/24,Guía para competiciones alternativas de atletismo en edades escolares. Enfoque lúdico y educativo.
Actividades acuáticas educativas,"Juan Antonio Moreno Murcia, Melchor Gutierrez Sanmartín",INDE,1ª,1998,978-8487330959,Ciencias de la actividad física y del deporte / Gestión deportiva,Actividad acuática,CYD_12/24,Introducción a diversas actividades físicas en el agua.
Entrenamiento Deportivo. Teoría y práctica,José María González Ravé et al.,Médica Panamericana,1ª,2021,978-8498357837,Ciencias de la actividad física y del deporte / Gestión deportiva,Entrenamiento deportivo,CYD_13/24,Dirigido a estudiantes de grado y posgrado. Incluye teoría y práctica del entrenamiento deportivo.
Nutrición Deportiva Aplicada,Raúl Domínguez Herrera et al.,Interconsulting bureau,-,2017,978-8490214886,Ciencias de la actividad física y del deporte / Gestión deportiva,"Nutrición, Rendimiento",CYD_14/24,Pautas dietéticas adaptadas a cada modalidad deportiva. Basado en avances científicos.
Nutrición Deportiva: Desde la Fisiología a la Práctica,Marcela González-Gross,Médica Panamericana,1ª,2020,978-8491106036,Ciencias de la actividad física y del deporte / Gestión deportiva,"Nutrición, Fisiología",CYD_15/24,"Obra de referencia con enfoque científico y práctico. Incluye planificación nutricional, sistema inmune y gastronomía deportiva."
Entrenamiento de Alto Rendimiento Aplicado a los Deportes,David Joyce,Ediciones Tutor,1ª,2023,978-8418655265,Ciencias de la actividad física y del deporte / Gestión deportiva,"Entrenamiento, Rendimiento",CYD_16/24,"Guía para entrenadores y rehabilitadores con protocolos modernos, planificación, recuperación post-lesión y desarrollo de resiliencia."
Pensar en Sistemas,Donella H. Meadows,Sustainability Institute,1ª,2022,978-8412497786,Ciencias de la actividad física y del deporte / Gestión deportiva,Pensamiento sistémico,CYD_17/24,Introducción al pensamiento sistémico. Explica cómo funcionan los sistemas y cómo intervenir en ellos.
Análisis de Datos en las Ciencias de la Actividad Física y del Deporte,"María Isabel Barriopedro, Carlos Muniesa Ferrero",Ediciones Pirámide,1ª,2012,978-8436826364,Ciencias de la actividad física y del deporte / Gestión deportiva,Análisis de datos,CYD_18/24,"Métodos estadísticos aplicados al deporte. Conceptos básicos con ejemplos prácticos, sin fórmulas complejas."
¿Qué es esa cosa llamada ciencia?,Alan F. Chalmers,Siglo XXI,-,2010,978-8432314308,Ciencias de la actividad física y del deporte / Gestión deportiva,"Filosofía, Ciencia, Conocimiento científico",CYD_19/24,"Explica teorías como el falsacionismo de Popper, los paradigmas de Kuhn y la crítica de Feyerabend."
La Ciencia: Su Método y Su Filosofía,Mario Bunge,Sudamericana / Penguin Random House,-,-,978-9500726255,Ciencias de la actividad física y del deporte / Gestión deportiva,"Filosofía, Ciencia, Conocimiento científico",CYD_20/24,"Distingue entre ciencias formales y fácticas, analiza el método científico y defiende la racionalidad."
Mala ciencia,Ben Goldacre,Booket,-,2012,978-8408003779,Ciencias de la actividad física y del deporte / Gestión deportiva,"Ciencia, Conocimiento científico",CYD_21/24,Denuncia prácticas pseudocientíficas y analiza cómo se manipula la información científica en medios y empresas.
Las Pseudociencias ¡Vaya Timo!,Mario Bunge,Laetoli,1ª,2010,978-8492422241,Ciencias de la actividad física y del deporte / Gestión deportiva,"Ciencia, Conocimiento científico",CYD_22/24,Recopilación de artículos que denuncian la pseudociencia como un peligro cultural.
Baloncesto y racismo,Pablo Muñoz Rojo,Los Libros de la Catarata,-,2023,978-8413526263,Ciencias de la actividad física y del deporte / Gestión deportiva,Baloncesto,CYD_23/24,"Análisis del racismo en la industria del baloncesto, con testimonios de jugadores de la NBA y WNBA."
Manual Práctico para la Igualdad de Género en el Deporte,José María López Gullón et al.,Wanceulen Editorial,1ª,2023,978-8419598363,Ciencias de la actividad física y del deporte / Gestión deportiva,Igualdad de Género,CYD_24/24,"Guía para implementar políticas de igualdad en entidades deportivas. Incluye legislación, estudio de caso y buenas prácticas."
"Psicología Social de la Actividad Física, el Deporte y el Ejercicio","Isabel Castillo, Octavio Álvarez",McGraw-Hill,1ª,2023,978-8448634421,Ciencias de la actividad física y del deporte / Gestión deportiva,Psicología social,CYD_25/24,"Aborda temas como socialización deportiva, liderazgo, cohesión grupal, motivación y violencia en el deporte."
Sociología del Deporte,Manuel García Ferrando et al.,Alianza Editorial,4ª,2017,978-8491046325,Ciencias de la actividad física y del deporte / Gestión deportiva,"Sociología, Educación física",CYD_26/24,"Estudia el deporte como fenómeno social, su estructura, función integradora y relación con medios y ocio."
Ejercicio: cómo es que nunca evolucionamos para hacer ejercicio,Daniel Lieberman,Pasado y Presente,-,2021,978-8412288827,Ciencias de la actividad física y del deporte / Gestión deportiva,Ejercicio físico,CYD_27/24,Analiza el ejercicio desde la antropología evolutiva y desmonta mitos sobre su práctica.
Sport Nutrition (4th Edition),"Asker Jeukendrup, Michael Gleeson",Human Kinetics,4ª,2024,978-1718221703,Ciencias de la actividad física y del deporte / Gestión deportiva,Nutrición,CYD_28/24,Explica el papel de la nutrición en el rendimiento deportivo. Incluye infografías y recursos digitales.
Teoría y planificación del entrenamiento deportivo,"José Campos Granell, Víctor Ramón Cervera",Paidotribo,-,2011,978-8499100906,Ciencias de la actividad física y del deporte / Gestión deportiva,Entrenamiento deportivo,CYD_29/24,Estrategias y herramientas para construir planes de entrenamiento y controlar las cargas.
Biomechanics of Skeletal Muscles,"Vladimir M. Zatsiorsky, Boris I. Prilutsky",Human Kinetics,1ª,2012,978-1492582106,Ciencias de la actividad física y del deporte / Gestión deportiva,Biomecánica muscular,CYD_30/24,"Estudio completo de la biomecánica muscular. Incluye modelos mecánicos, ilustraciones y ejercicios."
Kinesiology of the Musculoskeletal System,Donald A. Neumann,Mosby / Elsevier,3ª,2016,978-0323287531,Ciencias de la actividad física y del deporte / Gestión deportiva,"Músculos, Rehabilitación",CYD_31/24,Explica interacciones musculares y articulares normales y patológicas. Incluye recursos digitales.
"El ejercicio, un muro contra el cáncer","Adrián Castillo, Javier S. Morales, Pedro L. Valenzuela",Espasa,1ª,2024,978-8467071283,Ciencias de la actividad física y del deporte / Gestión deportiva,"Ejercicio físico, Cáncer",CYD_1/25,Explica cómo el ejercicio físico puede prevenir el cáncer y mejorar los tratamientos.
Cómo estimular el talento en profesionales del deporte,Lourdes Rodríguez,Ediciones Matrioska,-,2021,978-9403606415,Ciencias de la actividad física y del deporte / Gestión deportiva,"Talento, Sociología",CYD_2/25,Reflexión sobre el talento en el contexto de la globalización y la educación en el siglo XXI.
Nuevas tendencias para el impulso del talento deportivo,Sergio J. Ibáñez Godoy et al.,Wanceulen,1ª,2024,978-8418831492,Ciencias de la actividad física y del deporte / Gestión deportiva,"Talento, Sociología",CYD_3/25,Estudio multifactorial sobre el talento y la pericia en el deporte.
La Gestión del Talento en el Deporte Contemporáneo,Luis Alberto Sancesario P. Rez,EAE Editorial Academia Española,-,2012,978-3848470327,Ciencias de la actividad física y del deporte / Gestión deportiva,"Talento, Investigación",CYD_4/25,"Aborda el proceso de gestión del talento deportivo desde su génesis hasta la actualidad, con herramientas teórico-metodológicas para investigadores y profesionales del deporte."
Innovación en Ciencias del Deporte,"Pablo Galán López, Alejandro Lara Bocanegra",Wanceulen,1ª,2021,978-8418682100,Ciencias de la actividad física y del deporte / Gestión deportiva,"Innovación, Investigación, Aplicaciones tecnológicas",CYD_5/25,"Presenta aplicaciones tecnológicas en el deporte, desde gestión de información en fútbol hasta software para valoración corporal y mejora del rendimiento."
Reflexiones sobre la teoría y práctica del entrenamiento para fútbol,Miguel Ángel Campos Vázquez,MC Sports,1ª,2019,978-8494940859,Ciencias de la actividad física y del deporte / Gestión deportiva,Fútbol,CYD_6/25,"Evolución metodológica del entrenamiento físico en fútbol, integrando avances científicos y tecnológicos con experiencia práctica."
Diseño de programas de ejercicio físico en población oncológica,"Lidia Brea Alejo, Aida Tórtola Navarro",Síntesis,1ª,2025,978-8413574417,Ciencias de la actividad física y del deporte / Gestión deportiva,"Ejercicio físico, Cáncer",CYD_7/25,"Manual para educadores físico-deportivos que trabajan con pacientes oncológicos. Incluye valoración física, programación del entrenamiento y recomendaciones específicas por edad."
ACSM's Essentials of Exercise Oncology,"ACSM, Kathryn Schmitz, Anna L. Schwartz",LWW,1ª,2024,978-1975167431,Ciencias de la actividad física y del deporte / Gestión deportiva,"Ejercicio físico, Cáncer",CYD_8/25,"Guía completa sobre el papel del ejercicio en la prevención, tratamiento y recuperación del cáncer. Incluye estudios de caso y herramientas pedagógicas."
Actividades de ocio y tiempo libre,José Lozano Luzón,Síntesis,-,2016,978-8490778449,Ciencias de la actividad física y del deporte / Gestión deportiva,"Ocio, Tiempo libre",CYD_9/25,Guía para animadores y profesionales del ocio. Presenta actividades como herramienta para mejorar la calidad de vida y el desarrollo integral de las personas.
Periodización Integral,"Miguel Ángel Campos Vázquez, José Jiménez Iglesias",Independently Published,1ª,2024,979-8323321728,Ciencias de la actividad física y del deporte / Gestión deportiva,Fútbol,CYD_10/25,"Modelo holístico de entrenamiento en fútbol que combina experiencia práctica con fundamentos científicos. Aborda planificación, fuerza, recuperación y adaptación individualizada."
Turismo y deporte,Varios autores,Dykinson,1ª,2016,978-8490858103,Ciencias de la actividad física y del deporte / Gestión deportiva,"Turismo, Deporte",CYD_11/25,Recopilación de estudios académicos sobre la complementariedad entre turismo y deporte.
The Mechanics of Sprinting and Hurdling,"Ralph Mann Ph.D., Amber Murphy Ph.D.",Independently Published,Actualizada,2024,979-8328339988,Ciencias de la actividad física y del deporte / Gestión deportiva,"Atletismo, Valla",CYD_12/25,"Basado en 40 años de análisis biomecánico de atletas de élite. Explica mecánicas del sprint, salida y paso de vallas, incluyendo estudios sobre fatiga y recomendaciones para mejorar rendimiento."
Entrenamiento de la potencia aplicado a los deportes,Tudor O. Bompa,INDE,1ª,2004,978-8495114723,Ciencias de la actividad física y del deporte / Gestión deportiva,"Pliometría, Potencia, Rendimiento",CYD_13/25,Entrenamiento pliométrico para fuerza explosiva. Fundamentos neuromusculares y tests.
Periodización: Teoría y metodología del entrenamiento,"Tudor O. Bompa, Carlo A. Buzzichelli",Hispano Europea,-,2019,-,Ciencias de la actividad física y del deporte / Gestión deportiva,"Entrenamiento, Rendimiento",CYD_14/25,"Modelos de entrenamiento para fuerza, velocidad, resistencia y agilidad."
El desarrollo de la velocidad,"NSCA, Ian Jeffreys",Ediciones Tutor,1ª,2025,978-8418655470,Ciencias de la actividad física y del deporte / Gestión deportiva,"Entrenamiento, Velocidad, Rendimiento",CYD_15/25,Guía para crear programas de entrenamiento de velocidad para 12 deportes.
La inclusión en la actividad física y deportiva,Comité Paralímpico Español,Paidotribo,1ª,2014,978-8499104416,Ciencias de la actividad física y del deporte / Gestión deportiva,"Educación física, Inclusión, Discapacidad",CYD_16/25,Promueve inclusión en deporte. Modelos de buenas prácticas y estrategias didácticas.
Entrenamiento Personal. Guía para el desarrollo profesional,"Óscar García-García, Virginia Serrano Gómez",Médica Panamericana,1ª,2021,978-8491100423,Ciencias de la actividad física y del deporte / Gestión deportiva,Entrenamiento personal,CYD_17/25,Guía para entrenadores personales con enfoque profesional y ciudadano.
Entrenamiento de fuerza para recuperación de lesiones I,Roberto Durán Custodio,Ediciones Pirámide,1ª,2024,978-8436848748,Ciencias de la actividad física y del deporte / Gestión deportiva,"Entrenamiento, Fuerza, Lesiones, Recuperación",CYD_18/25,"Ejercicios para recuperar lesiones en cadera, rodilla y tobillo."
Entrenamiento de fuerza para recuperación de lesiones II,Roberto Durán Custodio,Ediciones Pirámide,1ª,2024,978-8436849011,Ciencias de la actividad física y del deporte / Gestión deportiva,"Entrenamiento, Fuerza, Lesiones, Recuperación",CYD_19/25,Progresiones de ejercicios fase por fase para recuperación.
Entrenamiento deportivo: Fundamentos y aplicaciones,Fernando Naclerio Ayllón (coord.),Médica Panamericana,1ª,2010,978-8498353310,Ciencias de la actividad física y del deporte / Gestión deportiva,Entrenamiento,CYD_20/25,"Obra multidisciplinar sobre fisiología, biomecánica, nutrición, lesiones y análisis de competiciones."
Readaptación tras las lesiones deportivas,Jaime Salom Moreno,Médica Panamericana,1ª,2020,978-8491103967,Ciencias de la actividad física y del deporte / Gestión deportiva,"Entrenamiento, Lesiones, Rehabilitación",CYD_21/25,"Tratamiento multidisciplinar basado en evidencia. Diagnóstico, fisioterapia, nutrición, psicología."
Evaluación de la aptitud física y prescripción del ejercicio,Vivian H. Heyward,Médica Panamericana,5ª,2008,978-8479038694,Ciencias de la actividad física y del deporte / Gestión deportiva,"Evaluación, músculos, Cardiorrespiratorio",CYD_22/25,"Evaluación cardiorrespiratoria, muscular, composición corporal y flexibilidad."
La magia del líder deportivo,Francisco Pérez Toledo,Independently Published,1ª,2023,979-8321577073,Ciencias de la actividad física y del deporte / Gestión deportiva,"Talento, Gestión deportiva",CYD_23/25,"Gestión del talento deportivo desde perspectivas físicas, cognitivas, emocionales y sociales."
Prescripción del ejercicio físico para la prevención y tratamiento,Benjamín Fernández García,Wanceulen,1ª,2013,978-8499931135,Ciencias de la actividad física y del deporte / Gestión deportiva,"Sociología, Salud, Enfermedades",CYD_24/25,"Beneficios del ejercicio físico en salud física, mental y social."
Prescripción del ejercicio físico para todos,Antonio J. Casimiro Andújar et al.,Universidad de Almería,1ª,2005,978-8415487586,Ciencias de la actividad física y del deporte / Gestión deportiva,Ejercicio físico,CYD_25/25,"Promueve práctica deportiva en toda la población. Beneficios fisiológicos, psicológicos y sociales."
Prescripción del ejercicio físico ,Dr. Roosvell Pairazamán Guevara ,Editorial Macro ,1ª,2018,978-8426725967 ,Ciencias de la actividad física y del deporte / Gestión deportiva,"Sociología, Salud, Enfermedades, Ejercicio físico ",CYD_26/25 ,Guía práctica para diseñar programas personalizados de entrenamiento físico. 
Nutrition and Supplements in Cycling ,"Lewis A. Gough, S. Andy Sparks ",Routledge ,1ª,2024,978-1032451077 ,Ciencias de la actividad física y del deporte / Gestión deportiva,"Nutrición, Suplementos ",CYD_27/25 ,Manual integral sobre nutrición deportiva aplicada al ciclismo. 
Manual ACSM para la valoración y prescripción del ejercicio ,Gary Liguri ,Wolters Kluwer ,4ª,2021,978-8418563348 ,Ciencias de la actividad física y del deporte / Gestión deportiva,"Salud, Enfermedades, Ejercicio físico ",CYD_28/25 ,Evaluación del estado físico y prescripción de ejercicio para personas sanas y con enfermedades crónicas. 
Entrenamiento de fuerza para personas mayores ,Álvaro Puche Giménez ,Amat Editorial ,1ª,2023,978-8419341907 ,Ciencias de la actividad física y del deporte / Gestión deportiva,"Entrenamiento, Fuerza, Personas mayores ",CYD_29/25 ,Ejercicios adaptados a adultos mayores con consejos prácticos. 
Nuevas tendencias en el desarrollo del talento deportivo ,"Víctor López-Ros, Pere Hidalgo-Santos, Martí Pons-Oliver ",Documenta Universitaria ,1ª,2021,978-8499845777 ,Ciencias de la actividad física y del deporte / Gestión deportiva,"Sociología, Talento ",CYD_30/25 ,"Ponencias sobre detección, maduración y creatividad en el talento deportivo. "
Renovar la educación física desde la neurociencia ,Jesús Vicente Ruiz Omeñaca ,CCS ,- ,2021 ,978-8413790350 ,Ciencias de la actividad física y del deporte / Gestión deportiva,"Educación física, Neurociencia ",CYD_31/25 ,Transformación de la didáctica motriz desde la neurociencia. 
Metodologías emergentes en educación física ,Alberto Gómez Mármol et al. ,Wanceulen ,- ,2020 ,978-8418486487 ,Ciencias de la actividad física y del deporte / Gestión deportiva,Educación física ,CYD_32/25 ,Modelos pedagógicos centrados en el estudiante. 
Educación física saludable: recursos prácTICos ,Carles Gonzalez et al. ,INDE ,1ª ,2020 ,978-8497293914 ,Ciencias de la actividad física y del deporte / Gestión deportiva,"Educación física, Salud ",CYD_33/25 ,Propuesta práctica para hábitos saludables con TIC. 
Métodos de enseñanza en educación física ,Julio Barrachina Peris et al. ,INDE ,4ª ,2022 ,978-8497294096 ,Ciencias de la actividad física y del deporte / Gestión deportiva,Educación física ,CYD_34/25 ,Métodos didácticos aplicables en primaria y secundaria. 
Manual de educación física ,Merche Ríos ,CCS ,"2ª ed., 6ª reimp. ",2016 ,978-8480196857 ,Ciencias de la actividad física y del deporte / Gestión deportiva,Educación física ,CYD_35/25 ,Adaptación de la educación física a NEE. 
Aprendizaje cooperativo en educación física ,"Ingrid Bärh, Carlos Velázquez (coord.) ",INDE ,2ª ,2018 ,978-8497291743 ,Ciencias de la actividad física y del deporte / Gestión deportiva,Educación física ,CYD_36/25 ,Trabajo en grupos cooperativos para mejorar el aprendizaje. 
Estrategias motivacionales para la promoción de la actividad física ,Roberto Francisco Ferriz et al. ,INDE ,- ,2018 ,978-8497293754 ,Ciencias de la actividad física y del deporte / Gestión deportiva,"Educación física, Adolescentes, Entorno escolar ",CYD_37/25 ,Promoción de la actividad física desde el contexto escolar. 
Didáctica de la educación física en ESO ,"Teresa Lleixà Arribas, Juan Granda, Luis Carrasco ",Síntesis ,- ,2019 ,978-8491713111 ,Ciencias de la actividad física y del deporte / Gestión deportiva,"Educación física, Educación secundaria ",CYD_38/25 ,Educación física como proyecto social en secundaria. 
Cómo evaluar bien educación física ,Domingo Blazquez ,INDE ,1ª ,2017 ,978-8497293389 ,Ciencias de la actividad física y del deporte / Gestión deportiva,"Educación física, Evaluación ",CYD_39/25 ,Modelo formativo de evaluación en educación física. 
Didáctica de la educación física. Un enfoque constructivista ,Onofre R. Contreras ,INDE ,4ª ,2019 ,978-8497291675 ,Ciencias de la actividad física y del deporte / Gestión deportiva,Educación física ,CYD_40/25 ,Reflexión sobre el papel de la educación física en el sistema educativo. 
Diseño desde Marte ,Cris Busquets ,Jardín de monos ,- ,2023 ,978-8494801839 ,Ciencias de la actividad física y del deporte / Gestión deportiva,"Gestión deportiva, Digitalización ",CYD_41/25 ,Diseño de productos y servicios digitales centrado en el usuario. 
Derecho deportivo. Tomo I ,BOE ,Agencia Estatal BOE ,- ,2025 ,978-8434022607 ,Ciencias de la actividad física y del deporte / Gestión deportiva,Derecho deportivo ,CYD_42/25 ,BOE. 
Derecho deportivo. Tomo II ,BOE ,Agencia Estatal BOE ,- ,2025 ,978-8434022607 ,Ciencias de la actividad física y del deporte / Gestión deportiva,Derecho deportivo ,CYD_43/25 ,BOE. 
Entrenamiento de fuerza para el BALONCESTO ,"Javair Gillett, Bill Burgos ",Ediciones Tutor ,- ,2020 ,978-8416676934 ,Ciencias de la actividad física y del deporte / Gestión deportiva,Baloncesto ,CYD_44/25 ,Programas de fuerza para posiciones específicas en baloncesto. 
"Sotera, es la trainera… ",Ander Leon Nanclares ,Autoeditado ,- ,2021 ,978-8409362622 ,Ciencias de la actividad física y del deporte / Gestión deportiva,"Remo, Traineras ",CYD_45/25 ,Historia de la trainera de Santurtzi. 
Actividades físicas y deportes adaptados ,"David Sanz Rivas, Raúl Reina Vaíllo ",Paidotribo ,"1ª ed., 6ª reimp. ",2020 ,978-8499101576 ,Ciencias de la actividad física y del deporte / Gestión deportiva,"Actividad física, Discapacidad, Deporte adaptado ",CYD_46/25 ,Guía para profesionales sobre deporte adaptado. 
Aspectos psicológicos del deportista lesionado ,Alberto Muñoz Soler ,Ediciones Tutor ,1ª ,2017 ,978-8416676217 ,Ciencias de la actividad física y del deporte / Gestión deportiva,"Psicología deportiva, Lesiones ",CYD_47/25 ,Impacto psicológico de las lesiones deportivas. 
Neurociencias y deporte ,Stefano Tamorri ,Paidotribo ,1ª ,2004 ,978-8480196918 ,Ciencias de la actividad física y del deporte / Gestión deportiva,"Psicología deportiva, Neurociencia ",CYD_48/25 ,Procesos mentales del atleta desde la neurociencia. 
Prescripción de ejercicio: Fundamentos fisiológicos ,K. Woolf-May ,Elsevier-Masson ,1ª ,2014 ,978-8445818732 ,Ciencias de la actividad física y del deporte / Gestión deportiva,"Ejercicio físico, Fisiología ",CYD_49/25 ,Bases fisiológicas para prescripción de ejercicio físico. 
Gamificación en Educación Física ,"Enric M. Sebastiani, Josep Campos-Rius, David Bueno ",INDE Publicaciones ,1ª ,2019 ,978-8497293822 ,Ciencias de la actividad física y del deporte / Gestión deportiva,"Gamificación, Educación física ",CYD_50/25 ,Propuestas gamificadas para captar la atención del alumnado. 
Bases científicas para la salud y rendimiento en baloncesto ,"Franchek Drobnic, Jordi Puigdellivol, Antonio Bové ",Ergón Creación ,1ª ,2009 ,978-8484737384 ,Ciencias de la actividad física y del deporte / Gestión deportiva,"Baloncesto, Rendimiento, Salud ",CYD_51/25 ,Factores que influyen en el rendimiento físico en baloncesto. 
Actualización en el manejo del trauma grave ,"Antonio Quesada, José Manuel Rabanal ",Ergón Creación ,- ,2006 ,978-8484734840 ,Ciencias de la actividad física y del deporte / Gestión deportiva,Trauma grave ,CYD_52/25 ,Doctrina común para atención hospitalaria y prehospitalaria. 
Patología de la columna vertebral en la 3ª edad ,Francisco Villarejo Ortega ,Ergón Creación ,- ,2012 ,978-8415351474 ,Ciencias de la actividad física y del deporte / Gestión deportiva,"Columna vertebral, Enfermedad, Personas mayores ",CYD_53/25 ; CYD_53-1/25,Monografía sobre espondiloartrosis y hernias discales. 
Manual ACSM para el entrenador personal ,American College of Sports Medicine ,Paidotribo ,- ,2015 ,978-8499104942 ,Ciencias de la actividad física y del deporte / Gestión deportiva,Entrenador personal ,CYD_54/25 ,Guía práctica y científica para entrenadores personales. 
Entrenamiento para ciclistas. Sobrecargas máximas ,"Jacques Devore, Roy M. Wallack ",Paidotribo ,- ,2020 ,978-8499107509 ,Ciencias de la actividad física y del deporte / Gestión deportiva,"Ciclismo, Sobrecargas, Entrenamiento ",CYD_55/25 ; CYD_55-1/25,Programa de fuerza para mejorar velocidad y salud en ciclistas. 
Entrenar y correr con potenciómetro ,"Hunter Allen, Andrew Coggan, Stephen McGregor ",Paidotribo ,- ,2021 ,978-8499109381 ,Ciencias de la actividad física y del deporte / Gestión deportiva,"Entrenamiento, Carrera ",CYD_56/25 ; CYD_56-1/25,Técnicas avanzadas de entrenamiento con potenciómetro. 
Alimentación energética ,American College of Sports Medicine ,Paidotribo ,- ,2019 ,978-8499107097 ,Ciencias de la actividad física y del deporte / Gestión deportiva,"Metabolismo, Nutrición ",CYD_57/25 ; CYD_57-1/25,Comprensión del metabolismo y fuentes de energía. 
Teoría y Metodología del Entrenamiento Deportivo ,Yury Verkhoshansky ,Paidotribo ,"1ª ed., 6ª reimp. ",2018 ,978-8480196123 ,Ciencias de la actividad física y del deporte / Gestión deportiva,Entrenamiento ,CYD_58/25 ; CYD_58-1/25 ,Explicación detallada de la teoría del entrenamiento deportivo. 
Guía de los movimientos de musculación ,Frédéric Delavier ,Paidotribo ,- ,2023 ,978-8419824035 ,Ciencias de la actividad física y del deporte / Gestión deportiva,"Entrenamiento, Músculos ",CYD_59/25 ,Ejercicios ilustrados con grupos musculares implicados. 
Rehabilitación física ,"Susan B. O’Sullivan, Thomas J. Schmitz ",Paidotribo ,1ª ,2013 ,978-8480198660 ,Ciencias de la actividad física y del deporte / Gestión deportiva,Rehabilitación ,CYD_60/25 ,- 
"Ante el cáncer, muévete ",Soraya Casla ,Vergara ,1ª ,2024 ,978-8419820105 ,Ciencias de la actividad física y del deporte / Gestión deportiva,"Cáncer, Ejercicio físico ",CYD_61/25 ,Cómo el ejercicio mejora la salud durante y después del cáncer. 
Gamificación en Educación Física II ,Enric M. Sebastiani et al. ,INDE Publicaciones ,1ª ,2021 ,978-8497293976 ,Ciencias de la actividad física y del deporte / Gestión deportiva,"Gamificación, Educación física ",CYD_62/25 ,Nuevas propuestas gamificadas aplicadas a la educación física. 
Fisiología del ejercicio ,"José López Chicharro, Almudena Fernández Vaquero ",Médica Panamericana ,4ª ,2023 ,978-8491107491 ,Ciencias de la actividad física y del deporte / Gestión deportiva,Fisiología ,CYD_63/25 ,Herramienta útil para avanzar en el conocimiento del ejercicio. 
Berne y Levy. Fisiología ,"Bruce M. Koeppen, Bruce A. Stanton ",Elsevier ,7ª ,2018 ,978-8491132585 ,Ciencias de la actividad física y del deporte / Gestión deportiva,Fisiología ,CYD_64/25 ,Explicación del funcionamiento fisiológico del organismo. 
Competiciones alternativas para niños y jóvenes ,José García Grossocordón et al. ,RFEA ,- ,2011 ,8487704949 ,Ciencias de la actividad física y del deporte / Gestión deportiva,"Niños, Jóvenes, Competición ",CYD_65/25 ,- 
Sarrafian's Anatomy of the Foot and Ankle ,"Armen S. Kelikian, Shahan K. Sarrafian ",Wolters Kluwer Health ,- ,2023 ,- ,Podología,"Pie, Pierna, Podología, Anatomía ",POD_1/25 ,"Referencia completa para cirujanos ortopédicos y podólogos, con fotografías de disección originales. "
Gray. Anatomía para estudiantes ,"Richard L. Drake, A. Wayne Vogl, Adam M.W. Mitchell ",Elsevier ,5ª ,2024 ,978-8413826226 ,Podología,"Anatomía, Diversidad, Transgénero, Podología ",POD_2/25,"Texto de referencia con enfoque visual y clínico, incluye contenido sobre diversidad e inclusión. "
Pie diabético. Diagnóstico y tratamiento ,Jordi Viadé Julià ,Ergón Creación ,- ,2025 ,978-8419955678 ,Podología,"Pie diabético, Podología, Diabetes ",POD_3/25 ; POD_3-1/25,"Claves para prevención y manejo del pie diabético, incluye avances recientes y técnicas quirúrgicas. "
50 preguntas fundamentales en gota ,Alejandro Prada Ojeda ,Ergón Creación ,- ,2013 ,978-8415351801 ,Podología,"Podología, Gota ",POD_4/25 ; POD_4-1/25 ; POD_4-2/25,Profundización en todos los aspectos de la gota. 
Podología física ,J.L. Moreno de la Fuente ,Elsevier-Masson ,- ,2006 ,8445815776 ,Podología,Podología física ,POD_5/25 ; POD_5-1/25,"Obra estructurada sobre podología física, útil para estudiantes y profesionales. "
Podología quirúrgica ,J.O. Izquierdo Cases ,Elsevier ,1ª ,2006 ,978-8481749151 ,Podología,Podología quirúrgica ,POD_6/25 ; POD_6-1/25,"Presenta técnicas quirúrgicas del pie, incluye anestesia, cirugía del antepié y traumatología. "
El duelo y la muerte. El tratamiento de la pérdida ,Leila Nomen Martín ,Pirámide ,- ,2022 ,978-8436821420 ,Psicología,"Psicología, Pérdida, Duelo ",PSI_1/25 ,El duelo y la muerte son aspectos universales... 
¡Joder cómo duele! Quizá no todo está tan jodido como piensas ,Álvaro Pinteño ,Arpa & Alfil Editores ,1ª ,2025 ,978-8410313477 ,Psicología,"Psicología, Pérdida, Duelo, Dolor, Biología, Sufrimiento ",PSI_2/25 ,"Álvaro Pinteño desmonta mitos, se ríe de las fórmulas mágicas... "
Psicología biológica ,James W. Kalat ,Thomson ,8ª ,- ,978-8497322851 ,Psicología,"Psicología biológica, Biología, Aprendizaje, Memoria, Cerebro, agresión, comportamiento sexual, comportamiento anormal, ansiedad ",PSI_3/25 ,Se centra en el estudio de los mecanismos biológicos... 
Fisiología de la conducta ,"Neil R. Carlson, Melissa A. Birkett ",Pearson ,12ª ,2018 ,978-8490356104 ,Psicología,"Psicología, Fisiología de la conducta ",PSI_4/25 ,Refleja avances en investigación y presenta contenido actualizado y accesible para estudiantes. 
Biología del comportamiento humano. Manual de etología humana ,Irenäus Eibl-Eibesfeldt ,Alianza Psicología ,- ,1993 ,8420665401 ,Psicología,"Psicología, Biología del comportamiento, Etología ",PSI_5/25 ,Obra que recorre la biología del comportamiento de las personas. 
Psicología de la percepción. Prácticas ,"I. Serrano Pedraza, V. Sierra Vázquez, L.E. López Bascuas ",Síntesis ,- ,2014 ,978-8490770467 ,Psicología,Psicología de la percepción ,PSI_6/25 ,Manual con prácticas experimentales sobre fenómenos visuales y auditivos. 
"Etología, psicología comparada y comportamiento animal ",Fernando Colmenares (editor) ,Síntesis ,- ,1996 ,84-77383197 ,Psicología,"Psicología comparada, Etología, Comportamiento animal ",PSI_7/25 y PSI_7-1/25 ,Visión global de la etología y su relación con otras disciplinas. 
Introducción e historia de la psicología ,"Juan Antonio Mora Mérida, Miguel Luis Martín Jorge (coordinadores) ",Pirámide ,- ,2017 ,978-8436824032 ,Psicología,"Psicología, Historia ",PSI_8/25 ,"Adaptado al EEES, incluye actividades y autoevaluaciones. "
Historia de la Psicología ,Thomas H. Leahey ,Pearson ,6ª ,2011 ,978-8420542249 ,Psicología,"Psicología, Historia ",PSI_9/25 ,Recorrido por la historia y corrientes del pensamiento psicológico. 
Historia de la Psicología ,Carlos Santamaría ,Planeta ,1ª ,2018 ,978-8434427693 ,Psicología,"Psicología, Historia ",PSI_10/25 ,Desarrollo de la psicología como disciplina independiente. 
Introducción a los métodos de investigación de la psicología ,"Ana R. Delgado, Gerardo Prieto ",Pirámide ,- ,2019 ,978-8436811308 ,Psicología,"Psicología, Investigación ",PSI_11/25 ,Esquemas sobre el método científico y técnicas de investigación. 
Métodos de investigación en Psicología ,"Rosario Martinez Arias, Miguel Ángel Castellanos, José Carlos Chacón ",Giunti ,2ª ,- ,978-8497274166 ,Psicología,"Psicología, Investigación ",PSI_12/25 ,Libro didáctico con referencias y capítulos sobre meta-análisis y diseños mixtos. 
Métodos de investigación en psicología y educación ,"Orfelio G. León, Ignacio Montero ",McGraw Hill ,4ª ,2020 ,978-8448620509 ,Psicología,"Psicología, Investigación, Educación ",PSI_13/25 ,Orientaciones sobre informes de investigación y normativa APA. 
Biopsicología ,John P.J. Pinel ,Pearson ,6ª ,- ,978-8478290818 ,Psicología,"Psicología, Biopsicología ",PSI_14/25 ,Introducción a la teoría e investigación biopsicológica. 
Claves para gestionar conflictos escolares ,"Juan Vaello Orts, Olga Vaello Pecino ",Horsori Editorial ,1ª ,2012 ,978-8415212058 ,Psicología,"Psicología, Conflicto, Conflictos escolares, Respeto, Estrategias ",PSI_15/25 ,Sistema de “diques” para abordar conflictos en el aula y mejorar la convivencia. 
Biomecánica Clínica de la Marcha ,Zazo SM ,Neuromotion Control ,- ,2020 ,84-09248964 ,Fisioterapia,Biomecánica Clínica ,FIS_1/23 ,Análisis detallado de la marcha humana desde una perspectiva clínica. 
Bioestadística Amigable ,Miguel Ángel Martinez González ,Elsevier ,4ª ,2020 ,84-91134077 ,Fisioterapia,Bioestadística ,FIS_2/23 ,Introducción accesible a la bioestadística para profesionales de la salud. 
Fisiología Articular Tomo 1 ,Kapandji ,Editorial Médica Panamericana ,1ª ,2011 ,84-98354587 ,Fisioterapia,Fisiología articular ,FIS_3/23 ,Análisis de las articulaciones del miembro superior. 
Fisiología Articular Tomo 2 ,Kapandji ,Editorial Médica Panamericana ,1ª ,2011 ,84-98354595 ,Fisioterapia,Fisiología articular ,FIS_4/23 ,Estudio anatómico y funcional de las articulaciones del miembro inferior. 
Clinical Reasoning in Musculoskeletal Practice ,Mark A Jones ,Elsevier ,2ª ,2019 ,0702059765 ,Fisioterapia,"Músculos, Práctica musculoesquelética ",FIS_5/23 ,Profundiza en el razonamiento clínico aplicado a la práctica musculoesquelética. 
Pattern Recognition of Clinical Syndromes... ,Carlos López Cubas ,Zérapi ,1ª ,2020 ,84-93918741 ,Fisioterapia,"Músculos, Práctica musculoesquelética, Razonamiento clínico ",FIS_6/23 ,Guía práctica para el reconocimiento de patrones clínicos. 
Masaje en la Rehabilitación... ,Anatolik Andreewicz Biriukov ,Paidotribo ,- ,2018 ,84-8019250X ,Fisioterapia,"Rehabilitación, Traumatismo, Enfermedad ",FIS_7/23 ,Técnicas de masaje aplicadas a la rehabilitación. 
Guía de Masoterapia para Fisioterapeutas ,María Torres Lacomba ,Editorial Médica Panamericana ,- ,2011 ,84-79037733 ,Fisioterapia,Mesoterapia ,FIS_8/23 ,Manual sobre técnicas de masoterapia aplicadas a la fisioterapia. 
El libro conciso de los puntos gatillo ,Simeon Niel-Asher ,Paidotribo ,- ,2017 ,84-9910603X ,Fisioterapia,"Autoayuda, Músculos, Dolor muscular ",FIS_9/23 ,Guía ilustrada sobre puntos gatillo. 
Biostatistics: A Foundation... ,Wayne W. Daniel ,Wiley ,10ª ,2013 ,1118302796 ,Fisioterapia,Bioestadística ,FIS_10/23 ,Fundamentos estadísticos aplicados a las ciencias de la salud. 
Biomecánica funcional. Miembros... ,Dufour ,Elsevier ,2ª ,2018 ,84-91132635 ,Fisioterapia,Biomecánica funcional ,FIS_11/23 ,Análisis de la biomecánica aplicada a distintas regiones del cuerpo. 
Estiramientos analíticos manuales ,Henri Neiger ,Médica Panamericana ,1ª ,1998 ,84-79033495 ,Fisioterapia,"Rehabilitación, Estiramiento ",FIS_12/23 ,Técnicas pasivas de estiramiento analítico. 
Movilización neuromeníngea ,Eduardo Zamorano Zárate ,Médica Panamericana ,1ª ,2020 ,84-91108688 ,Fisioterapia,"Movilización neuromeníngea, Trastornos mecanosensitivos ",FIS_13/23 ,Técnicas para tratar disfunciones del sistema nervioso periférico. 
140 estiramientos terapéuticos ,Jane Johnson ,Ediciones tutor ,1ª ,2013 ,84-79029595 ,Fisioterapia,Estiramiento ,FIS_14/23 ,Repertorio ilustrado de estiramientos terapéuticos. 
Reeducación postural global ,Philippe Souchard ,Edra ,1ª ,2022 ,978-8418706370 ,Fisioterapia,Postura ,FIS_15/23 ,Método RPG para tratar desequilibrios posturales. 
Las cadenas miofasciales ,Fernando Queipo ,- ,- ,2018 ,978-8409033997 ,Fisioterapia,"Cadenas miofasciales, Dolor ",FIS_16/23 ,Enfoque de tratamiento basado en cadenas miofasciales. 
Anatomía de los Estiramientos ,Arnold G. Nelson ,Ediciones tutor ,1ª ,2020 ,84-16676992 ,Fisioterapia,Estiramiento ,FIS_17/23 ,Estiramientos seguros y efectivos. 
Neurodinámica en la práctica clínica ,Carlos López Cubas ,Ovid Technologies ,1ª ,2022 ,84-18892064 ,Fisioterapia,Neurodinámica ,FIS_18/23 ,Tratamiento de disfunciones del sistema nervioso. 
Procedimientos Generales en Fisioterapia ,Jesús Calvo ,Editorial Médica Panamericana ,1ª ,2021 ,84-91107967 ,Fisioterapia,Fisioterapia general ,FIS_19/23 ,Revisión de procedimientos básicos en fisioterapia. 
Reading Research: A User-Friendly Guide... ,Barbara Davies ,Elsevier ,7ª ,2021 ,0323759246 ,Fisioterapia,Investigación ,FIS_20/23 ,Guía para interpretar y aplicar investigaciones científicas. 
Modalidades en electroterapia ,Tim Watson ,Elsevier ,13ª ,2021 ,978-8413820705 ,Fisioterapia,Electroterapia ,FIS_21/23 ,Revisión de modalidades de electroterapia con base científica. 
Atlas de Anatomía Humana ,Frank H. Netter ,Elsevier ,- ,2019 ,- ,Fisioterapia,Anatomía humana ,FIS_22/23 ,Ilustraciones anatómicas detalladas y explicaciones clínicas. 
Electroestimulación Transcutánea... ,Manuel Albornoz Cabello ,Elsevier ,2ª ,2020 ,978-8491136064 ,Fisioterapia,"Electroterapia, Neuromodulación ",FIS_23/23 ,Aplicaciones clínicas de electroestimulación en fisioterapia. 
Fundamentos Básicos de Metodología... ,José Quintanal Díaz ,Editorial CCS ,- ,2021 ,- ,Fisioterapia,Investigación ,FIS_24/23 ,Métodos aplicables a fisioterapia y ciencias de la salud. 
Atención y cuidados a mujeres víctimas... ,Rosa Mª Martínez Ortega ,FUDEN ,- ,2019 ,978-8417034856 ,Fisioterapia,"Mujer, Violencia de género ",FIS_25/23 ,Abordaje integral desde la fisioterapia y salud comunitaria. 
Anatomía del Entrenamiento Pliométrico ,Derek Hansen ,Ediciones tutor ,1ª ,2018 ,978-8416676545 ,Fisioterapia,"Anatomía, Pliometría ",FIS_26/23 ,Fundamentos anatómicos y biomecánicos del entrenamiento pliométrico. 
Biología celular volumen 1 ,Ricardo Paniagua ,McGraw Hill ,- ,2007 ,- ,Fisioterapia,Biología celular ,FIS_27/23 ,Introducción a estructuras y procesos celulares. 
Histología vegetal y animal volumen 2 ,Ricardo Paniagua ,McGraw Hill ,- ,2007 ,- ,Fisioterapia,Histología vegetal y animal ,FIS_28/23 ,Estudio comparativo de tejidos animales y vegetales. 
Anatomía del Aparato Locomotor ,Michel Dufour ,Masson ,- ,2003 ,- ,Fisioterapia,"Anatomía, Aparato locomotor ",FIS_29/23 ,Análisis anatómico del sistema musculoesquelético. 
Anatomía Para Estudiantes ,Richard L. Drake ,Elsevier ,- ,2020 ,- ,Fisioterapia,Anatomía ,FIS_30/23 ,Texto visual para el aprendizaje de la anatomía humana. 
Principios de Anatomía y Fisiología ,Gerard J. Tortora ,Panamericana ,3ª ,2018 ,978-6078546114 ,Fisioterapia,"Anatomía, Fisiología ",FIS_31/23 ,Obra clásica que combina anatomía y fisiología. 
Principios de Bioquímica ,Lehninger ,Omega ,- ,2018 ,- ,Fisioterapia,Bioquímica ,FIS_32/23 ,Procesos moleculares esenciales para la vida. 
Fisioterapia en el dolor orofacial... ,Eduardo Zamorano Zárate ,FUDEN ,- ,2022 ,978-8418671340 ,Fisioterapia,"Dolor orofacial, Trastorno craneomandibular ",FIS_33/23 ,Abordaje fisioterapéutico del dolor orofacial. 
Sapiens. De animales a dioses ,Yuval Noah Harari ,Debate ,- ,2015 ,978-8499926223 ,Fisioterapia,"Biología, Evolución ",FIS_1/24 ,Ensayo sobre la evolución del ser humano. 
"Pensar rápido, pensar despacio ",Daniel Kahneman ,Debolsillo ,- ,2013 ,978-8490322505 ,Fisioterapia,Pensamiento humano ,FIS_2/24 ,Explora los sistemas de pensamiento humano. 
Guía básica de propiocepción de rodilla ,"S. Bermejo, A. Navarro, MJ. Blanco ",- ,- ,2019 ,978-1694356550 ,Fisioterapia,Rodilla ,FIS_3/24 ,Evaluación y tratamiento propioceptivo de la rodilla. 
Métodos Específicos de Intervención... ,Jesús Seco Calvo ,Editorial Médica Panamericana ,- ,2016 ,978-8498359435 ,Fisioterapia,Intervención fisioterapéutica ,FIS_4/24 ,Técnicas específicas de intervención fisioterapéutica. 
Sapiens ma non troppo ,Arturo Goicoechea ,- ,- ,2020 ,979-8574271315 ,Fisioterapia,Pensamiento humano ,FIS_5/24 ,Reflexión crítica sobre pensamiento y evolución. 
Cerebro clínico ,Daniel Flichtentrei ,Ediciones IntraMed ,- ,2019 ,978-9873929069 ,Fisioterapia,"Cerebro, Neurociencia ",FIS_6/24 ,"Relación entre neurociencia, clínica y humanismo médico. "
La Osteopatía ¡Vaya timo! ,Rubén Tovar ,Círculo Rojo ,- ,2021 ,978-8413984094 ,Fisioterapia,Osteopatía ,FIS_7/24 ,Crítica científica a la osteopatía. 
Trabajo de propiocepción en el esguince de tobillo ,"A. Castro, D. Mateos ",Editorial Académica Española ,- ,2017 ,978-3659655180 ,Fisioterapia,"Esguince, Tobillo ",FIS_8/24 ,Guía práctica para tratamiento propioceptivo del esguince de tobillo. 
Modern Musculoskeletal Physiotherapy ,"D. Falla, C. Cook, J. Lewis, C. McCarthy, M. Sterling ",Elsevier ,4ª ,2015 ,978-0702051524 ,Fisioterapia,Fisioterapia musculoesquelética ,FIS_9/24 ,Revisión moderna de fisioterapia musculoesquelética. 
Patología médico-quirúrgica para fisioterapeutas ,"L. Fernández, O. Carrión ",Elsevier ,1ª ,2019 ,978-8490227930 ,Fisioterapia,Patología ,FIS_10/24 ,Aborda patologías médicas y quirúrgicas desde perspectiva funcional. 
Antifrágil ,Nassim Nicholas Taleb ,Paidós ,- ,2024 ,978-8449341854 ,Fisioterapia,"Gestión, Pensamiento clínico ",FIS_11/24 ,Ensayo sobre cómo beneficiarse del caos e incertidumbre. 
Fisiopatología y Patología general básicas... ,"J. Pastrana, G. García de Casasola ",Elsevier ,2ª ,2023 ,978-8413821641 ,Fisioterapia,"Fisiopatología, Patología ",FIS_12/24 ,Mecanismos fisiopatológicos y enfermedades comunes. 
La entrevista motivacional ,"W. Miller, S. Rollnick ",Paidós ,- ,2023 ,- ,Fisioterapia,"Tratamiento, Psicología, Paciente ",FIS_13/24 ,Herramienta comunicativa para fomentar el cambio en pacientes. 
Hábitos atómicos ,James Clear ,Diana ,- ,2024 ,978-8411191890 ,Fisioterapia,"Buenos hábitos, Paciente ",FIS_14/24 ,Guía práctica para construir buenos hábitos. 
Mueve tu ADN ,Katy Bowman ,Sirio ,- ,2017 ,978-8417030452 ,Fisioterapia,Buenos hábitos ,FIS_15/24 ,Movimiento como base para el bienestar físico. 
El hombre que confundió a su mujer con un sombrero ,Oliver Sacks ,Anagrama ,- ,2022 ,- ,Fisioterapia,Trastornos neurológicos ,FIS_16/24 ,Relatos clínicos sobre trastornos neurológicos. 
La inteligencia en el movimiento ,"K. Francesconi, G. Gandini ",Edra ,- ,2022 ,978-8419156532 ,Fisioterapia,"Neurorehabilitación, Psicomotricidad ",FIS_17/24 ; FIS_17-1/24,"Relación entre movimiento, percepción y aprendizaje. "
Estiramientos Dinámicos ,Mark Kovacs ,Ediciones tutor ,1ª ,2010 ,978-8479028503 ,Fisioterapia,Estiramiento ,FIS_18/24 ,Técnicas de estiramiento activo para mejorar rendimiento físico. 
Netter. Exploración clínica en ortopedia ,"J. Cleland, S. Koppenhaver, J. Su ",Elsevier ,1ª ,2006 ,978-8445815960 ,Fisioterapia,Ortopedia ,FIS_19/24 ,Anatomía y técnicas de exploración ortopédica. 
Tratamiento práctico de fracturas ,Ronald McRae ,McGraw Hill ,- ,1998 ,- ,Fisioterapia,Fractura ,FIS_20/24 ,Manejo práctico de fracturas con protocolos terapéuticos. 
Masaje profundo para tejidos blandos ,Jane Johnson ,Editorial Médica Panamericana ,- ,2011 ,- ,Fisioterapia,"Masaje profundo, Tejido ",FIS_21/24 ,Técnicas de masaje profundo para disfunciones musculares. 
El sistema linfático ,Jean-Claude Ferrandez ,Editorial Médica Panamericana ,1ª ,2006 ,978-8479039882 ,Fisioterapia,Sistema linfático ,FIS_22/24 ,Anatomía y fisiología del sistema linfático. 
Inducción Miofascial ,Andrej Pilat ,Ediciones Journal ,- ,2022 ,- ,Fisioterapia,Inducción miofascial ,FIS_23/24 ,Método terapéutico para liberar restricciones miofasciales. 
Dolor y disfunción miofascial ,Joseph M. Donnelly ,Wolters Kluwer ,1ª ,2019 ,978-8417602024 ,Fisioterapia,"Dolor, Disfunción miofascial ",FIS_24/24 ,Tratamiento del síndrome de dolor miofascial. 
The Graded Motor Imagery Handbook ,"G. Lorimer Moseley, D.S. Butler, T.B. Beames ",Noigroup ,- ,2019 ,- ,Fisioterapia,"Neurociencia, Dolor ",FIS_25/24 ,Imaginería motora graduada para tratamiento del dolor persistente. 
Guía básica de propiocepción en hombro ,"M.J. Blanco, S. Bermejo, A. Navarro ",- ,- ,2019 ,978-1694231550 ,Fisioterapia,Hombro ,FIS_26/24 ,Evaluación y tratamiento propioceptivo del hombro. 
Ante todo no hagas daño ,Henry Marsh ,Narrativa Salamandra ,- ,2014 ,- ,Fisioterapia,Pensamiento humano ,FIS_27/24 ,Memorias de un neurocirujano sobre dilemas éticos y humanos. 
"Pruebas clínicas para patología ósea, articular y muscular ","J. Buckup, R. Hoffmann ",Elsevier ,- ,2014 ,978-8445825211 ,Fisioterapia,"Patología ósea, Hueso, Músculo, Articulación, Pruebas clínicas ",FIS_28/24 ,Manual de referencia para la evaluación clínica de patologías musculoesqueléticas. 
Musculoskeletal Examination and Assessment ,"D. Ryder, K. Barnard ",Elsevier ,- ,2024 ,- ,Fisioterapia,Evaluación musculoesquelética ,FIS_29/24 ,Manual clínico con protocolos de exploración y razonamiento clínico. 
El vendaje funcional ,Dr. Toni Bové ,Elsevier ,6ª ,2015 ,978-8490228470 ,Fisioterapia,Vendaje ,FIS_30/24 ,Guía práctica sobre técnicas de vendaje funcional. 
Cinesiterapia. Bases fisiológicas y aplicación práctica ,"C. Fernández de las Peñas, A. Melián Ortiz ",Elsevier ,1ª ,2019 ,978-8491133605 ,Fisioterapia,Fisiología ,FIS_31/24 ,Fundamentos fisiológicos del movimiento terapéutico. 
Readaptación tras las Lesiones Deportivas ,Jaime Salom Moreno ,Editorial Médica Panamericana ,- ,2020 ,978-8491103967 ,Fisioterapia,Lesión deportiva ,FIS_32/24 ,Estrategias de intervención y planificación terapéutica. 
Terapia manual ortopédica en el tratamiento del dolor ,"A. Quevedo García, A. Alonso Sal, J.L. Alonso Pérez ",Elsevier ,- ,2022 ,978-8413820200 ,Fisioterapia,Ortopedia ,FIS_33/24 ,Técnicas de terapia manual ortopédica para el dolor musculoesquelético. 
"Historia, teoría y método de la medicina ",M.A. Sánchez González ,Masson ,- ,1998 ,- ,Fisioterapia,Medicina ,FIS_34/24 ,"Fundamentos filosóficos, históricos y metodológicos de la medicina. "
Fisioterapia Invasiva del Síndrome de Dolor Miofascial ,"O. Mayoral del Moral, I. Salvat Salvat ",Editorial Médica Panamericana ,- ,2023 ,(no especificado) ,Fisioterapia,"Dolor miofascial, Fisioterapia invasiva ",FIS_35/24 ,Técnicas invasivas como punción seca y electroterapia. 
¿Cómo pensar como Sherlock Holmes? ,Maria Konnikova ,Paidós ,- ,2013 ,9788449329012 ,Fisioterapia,"Pensamiento humano, Razonamiento clínico ",FIS_36/24 ,Pensamiento lógico y analítico inspirado en Sherlock Holmes. 
El arte de pensar ,Rolf Dobelli ,Penguin Random House ,- ,2024 ,- ,Fisioterapia,"Pensamiento humano, Razonamiento clínico ",FIS_37/24 ,Errores comunes en el pensamiento humano y cómo evitarlos. 
Historia de la Fisioterapia ,Dr. José Lendoiro Salvador ,Diazotec ,- ,2016 ,- ,Fisioterapia,"Fisioterapia, Historia ",FIS_38/24 ,Desarrollo histórico de la fisioterapia como disciplina. 
Rehabilitación ortopédica clínica ,"C.E. Giangarra, R.C. Manske, S.B. Brotzman ",Elsevier ,4ª ,2018 ,978-8491132592 ,Fisioterapia,"Ortopedia, Rehabilitación ",FIS_39/24 ,Protocolos de tratamiento y recuperación postquirúrgica. 
Vendaje funcional en traumatología ortopédica y deportiva ,Claudio Zimaglia ,Edi.Ermes ,1ª ,2018 ,978-8870515732 ,Fisioterapia,Vendaje ,FIS_40/24 ; FIS_40-1/24,Técnicas de vendaje funcional en lesiones deportivas. 
Fisioterapia en Especialidades Clínicas ,Jesús Seco Calvo ,Editorial Médica Panamericana ,- ,2023 ,- ,Fisioterapia,"Neurología, Cardiología, Pediatría, Geriatría ",FIS_41/24 ,Revisión de la fisioterapia aplicada en diversas especialidades médicas. 
Physical Rehabilitation ,"G.D. Fulk, K.K. Chui ",FA Davis ,8ª ,2024 ,978-1719646918 ,Fisioterapia,Rehabilitación ,FIS_42/24 ,Texto integral sobre rehabilitación física. 
Medicina Interna ,"P. Ferreras, C. Rozman ",Elsevier ,18ª ,2016 ,978-8490229965 ,Fisioterapia,Medicina ,FIS_43/24 ,Obra de referencia en medicina interna. 
Drenaje linfático ,"D. Tomson, C. Schuchhardt ",Edi.Ermes ,- ,2018 ,978-8870514759 ,Fisioterapia,"Drenaje, Sistema linfático ",FIS_44/24 ; FIS_44-1/24,Manual sobre técnicas de drenaje linfático manual. 
Clinical reasoning in the health professions ,"J. Higgs, G.M. Jensen, S. Loftus, N. Christensen ",Elsevier ,4ª ,2019 ,978-0702062247 ,Fisioterapia,"Pensamiento humano, Razonamiento clínico ",FIS_45/24 ,Explora el razonamiento clínico en distintas profesiones sanitarias. 
Introducción a la Biología Celular ,"Alberts, Hopkin, Johnson, Morgan, Raff, Roberts, Walter ",Editorial Médica Panamericana ,5ª ,2023 ,978-6078546442 ,Fisioterapia,Biología celular ,FIS_46/24 ,Texto fundamental sobre biología celular. 
Principios de Medicina Interna – Volumen 1 ,"Jameson, Fauci, Kasper, Hauser, Longo, Loscalzo ",McGraw Hill ,21ª ,2018 ,978-6071518026 ,Fisioterapia,Medicina interna ,FIS_47/24 ,Referencia médica completa sobre diagnóstico y tratamiento. 
Principios de Medicina Interna – Volumen 2 ,"Jameson, Fauci, Kasper, Hauser, Longo, Loscalzo ",McGraw Hill ,21ª ,2018 ,978-6071518026 ,Fisioterapia,Medicina interna ,FIS_48/24 ,Continuación del volumen 1 con enfoque en terapias. 
Bioquímica. Conceptos esenciales ,"Feduchi, Romero, Yáñez, García-Hoz ",Editorial Médica Panamericana ,- ,2023 ,- ,Fisioterapia,Bioquímica ,FIS_49/24 ,Introducción clara a la bioquímica con aplicaciones clínicas. 
Bioquímica. Curso básico ,"J.L. Tymoczko, J.M. Berg, L. Stryer ",Editorial Reverté ,1ª ,2014 ,978-8429176032 ,Fisioterapia,Bioquímica ,FIS_50/24 ,Texto clásico sobre principios básicos de bioquímica. 
La Célula ,Geoffrey M. Cooper ,Marbán ,- ,2022 ,978-8418068584 ,Fisioterapia,"Biología celular, Célula ",FIS_51/24 ,Obra fundamental sobre estructura y función celular. 
La construcción del conocimiento científico ,Gerard Fourez ,Narcea ,4ª ,2010 ,978-8427710627 ,Fisioterapia,"Pensamiento humano, Razonamiento clínico, Investigación ",FIS_52/24 ,Reflexión sobre la generación del conocimiento científico. 
Fisiología ,"B.M. Koeppen, B.A. Stanton ",Elsevier ,8ª ,2024 ,978-8413826288 ,Fisioterapia,Fisiología ,FIS_53/24 ,Manual completo sobre fisiología humana. 
Habilidades de comunicación para fisioterapeutas ,Vincent Kortleve ,Elsevier ,- ,2023 ,978-8413823119 ,Fisioterapia,"Psicología, Comunicación, Paciente ",FIS_54/24 ,Manual práctico sobre habilidades comunicativas. 
Bases Teóricas y Fundamentos de la Fisioterapia ,T. Gallego ,Editorial Médica Panamericana ,- ,2020 ,978-8491105169 ,Fisioterapia,"Fisioterapia, Historia, Teoría ",FIS_55/24 ,Principios filosóficos y metodológicos de la fisioterapia. 
Manual Mobilization of the Joints. Volume I. The Extremities ,Freddy M. Kaltenborn ,Norli ,8ª ,2014 ,978-8270542017 ,Fisioterapia,"Biomecánica, Terapia ",FIS_56/24 ,Guía técnica sobre movilización articular en extremidades. 
Clinical Reasoning and Decision-Making in Physical Therapy ,"G.M. Musolino, G.M. Jensen ",Routledge ,1ª ,2019 ,978-1630914080 ,Fisioterapia,"Pensamiento humano, Razonamiento clínico ",FIS_57/24 ,Herramientas para toma de decisiones en fisioterapia. 
Orthopedic Physical Examination Test ,"C. Cook, E. Hegedus ",Pearson ,1ª ,2013 ,978-1292027968 ,Fisioterapia,"Ortopedia, Lesión, Lesiones musculoesqueléticas ",FIS_58/24 ,Manual de pruebas ortopédicas con respaldo científico. 
Differential Diagnosis for Physical Therapists ,"J. Heick, R.T. Lazaro ",Elsevier ,- ,2023 ,978-0323722049 ,Fisioterapia,Diagnóstico ,FIS_59/24 ,Ayuda a identificar signos que requieren derivación médica. 
Fisioterapia en Pediatría ,"L. Macías, J. Fagoaga ",Editorial Médica Panamericana ,- ,2024 ,- ,Fisioterapia,Pediatría ,FIS_60/24 ,Revisión completa de la fisioterapia pediátrica. 
Perfil del Desarrollo Motor del Bebé ,"M. Hadders-Algra, K.R. Heineman ",Editorial Médica Panamericana ,- ,2021 ,- ,Fisioterapia,Bebé ,FIS_61/24 ,Evaluación del desarrollo motor en bebés. 
Fisiología Médica ,"K.E. Barrett, S.M. Barman, H.L. Brooks, Jason X., J. Yuan ",McGraw Hill ,- ,2020 ,978-1456275693 ,Fisioterapia,Fisiología ,FIS_62/24 ,Explicaciones detalladas de los sistemas corporales. 
Fisioterapia del Suelo Pélvico ,"M. Torres, A. Meldaña ",Editorial Médica Panamericana ,- ,2022 ,978-8491104537 ,Fisioterapia,Suelo pélvico ,FIS_63/24 ,Tratamiento fisioterapéutico de disfunciones del suelo pélvico. 
Neurología ,Juan José Zarranz ,Elsevier ,7ª ,2024 ,978-8413822792 ,Fisioterapia,Neurología ,FIS_64/24 ,Enfermedades neurológicas con enfoque clínico. 
Guide to Evidence-Based Physical Therapist Practice ,Dianne V. Jewell ,Jones & Bartlett Learning ,5ª ,2022 ,978-1284247541 ,Fisioterapia,"Pensamiento humano, Razonamiento clínico ",FIS_65/24 ,Aplicación de evidencia científica en fisioterapia. 
Fisiología respiratoria. Fundamentos ,"J.B. West, A.M. Luks ",Wolters Kluwer ,4ª ,2021 ,978-8418257803 ,Fisioterapia,Fisiología respiratoria ,FIS_66/24 ,Principios básicos de fisiología respiratoria. 
Cómo leer un artículo científico ,Trisha Greenhalgh ,Elsevier ,5ª ,2015 ,978-8490229453 ,Fisioterapia,"Pensamiento humano, Razonamiento clínico, Medicina ",FIS_67/24 ,Interpretación de artículos científicos en práctica clínica. 
Entrenamiento de Fuerza ,Austin Current ,Penguin Random House ,- ,2022 ,978-0241559611 ,Fisioterapia,"Fisioterapia deportiva, Fuerza ",FIS_68/24 ,Principios del entrenamiento de fuerza. 
El entrenamiento funcional aplicado a los deportes ,Michael Boyle ,Ediciones tutor ,1ª ,2017 ,978-8416676309 ,Fisioterapia,"Entrenamiento funcional, Lesión ",FIS_69/24 ,Ejercicios y prevención de lesiones en deporte. 
Anatomía del entrenamiento funcional ,"K. Carr, M.K. Feit ",Ediciones Tutor ,- ,2022 ,978-8418655074 ,Fisioterapia,"Entrenamiento funcional, Anatomía ",FIS_70/24 ,Anatomía y biomecánica para entrenamiento funcional. 
Anatomía del entrenamiento de la fuerza con el propio peso corporal ,Bret Contreras ,Ediciones tutor ,1ª ,2014 ,978-8479029685 ,Fisioterapia,"Anatomía, Entrenamiento, Fuerza ",FIS_71/24 ,Ejercicios de fuerza sin equipamiento. 
Prevención y rehabilitación de lesiones deportivas ,"D. Joyce, D. Lewindon ",OrbisHealth ,- ,2022 ,978-8409477296 ,Fisioterapia,"Rehabilitación, Lesión, Lesiones deportivas ",FIS_72/24 ,Prevención y tratamiento de lesiones en atletas. 
Fisioterapia en la rehabilitación neurológica ,"M. Stokes, E. Stack ",Elsevier ,3ª ,2013 ,978-8490223062 ,Fisioterapia,"Rehabilitación, Neurología ",FIS_73/24 ,Técnicas fisioterapéuticas para patologías neurológicas. 
Ventilación mecánica. Fisiopatología respiratoria aplicada ,"A. Rodríguez, M. Bodí, A. Bruhn, F. Gordo, M. Magret Iglesias, N. Nin, F. Ríos ",Ediciones Journal ,- ,2017 ,978-9873954337 ,Fisioterapia,Fisiopatología respiratoria ,FIS_74/24 ,Aplicaciones clínicas en cuidados intensivos. 
Fundamentos de Neurología. Semiología clínica y fisiopatología ,J. Tejeiro Martínez ,Ergon ,- ,2022 ,978-8418576898 ,Fisioterapia,"Neurología, Semiología clínica, Fisiopatología ",FIS_75/24 ,Diagnóstico y tratamiento de patologías neurológicas. 
Fundamentos de la Mecánica del Ejercicio ,Lucas Leal ,Resistance Institute ,3ª ,2020 ,- ,Fisioterapia,"Biomecánica, Entrenamiento, Fuerza ",FIS_76/24 ,Principios biomecánicos del ejercicio de fuerza. 
Las Pirámides de Nutrición y Entrenamiento ,"E. Helms, A. Morgan, A. Valdez ",Amazon ,- ,2021 ,979-8453181674 ,Fisioterapia,"Nutrición, Entrenamiento ",FIS_77/24 ,Modelo jerárquico para nutrición y entrenamiento. 
El suelo pélvico al descubierto ,Mireia Grossman Camps ,RBA ,- ,2020 ,978-8491876229 ,Fisioterapia,Suelo pélvico ,FIS_78/24 ,Cuidado del suelo pélvico con enfoque en salud femenina. 
Rehabilitación del suelo pélvico femenino ,"Ramírez, Blanco, Kauffman ",Editorial Médica Panamericana ,- ,2021 ,978-8491104759 ,Fisioterapia,"Suelo pélvico, Rehabilitación ",FIS_79/24 ,Tratamiento fisioterapéutico en urología y ginecología. 
Control y Aprendizaje Motor ,"Cano de la Cuerda, Martínez Piédrola, Miangolarra Page ",Editorial Médica Panamericana ,- ,2023 ,- ,Fisioterapia,"Rehabilitación, Neurología ",FIS_80/24 ,Fundamentos del control motor en fisioterapia. 
La Marcha Humana ,"Molina, Carratalá ",Editorial Médica Panamericana ,- ,2020 ,978-8491104056 ,Fisioterapia,"Biomecánica, Locomoción ",FIS_81/24 ,Estudio detallado de la marcha humana desde perspectiva biomecánica y clínica. 
Evidence-based physical therapy for the Pelvic floor ,"K. Bo, B. Berghmans, S. Morkved, M. Van Kampen ",Elsevier ,- ,2015 ,- ,Fisioterapia,Suelo pélvico ,FIS_82/24 ,Revisión basada en evidencia sobre tratamiento del suelo pélvico. 
Manual de Patología General ,José Luis Pérez Arellano ,Elsevier ,- ,2019 ,978-8491131236 ,Fisioterapia,"Fisioterapia, Patología ",FIS_83/24 ,Introducción a la patología general y mecanismos de enfermedad. 
Estadística aplicada a la fisioterapia... ,Daniel Sánchez Zuriaga ,CEU Ediciones ,- ,2022 ,978-8492989379 ,Fisioterapia,"Biomecánica, Fisioterapia, Investigación ",FIS_84/24 ,Conceptos estadísticos aplicados a investigación y práctica clínica. 
Principles of Musculoskeletal Treatment and Management ,"K. Barnard, D. Ryder ",Elsevier ,4ª ,2024 ,978-0323872287 ,Fisioterapia,Tratamiento musculoesquelético ,FIS_85/24 ,Guía clínica sobre tratamiento musculoesquelético. 
Statistics Done Wrong ,Alex Reinhart ,No Starch Press ,1ª ,2015 ,978-1593276201 ,Fisioterapia,"Fisioterapia, Investigación ",FIS_86/24 ,Errores comunes en uso de estadísticas en investigación científica. 
La revolución invisible ,Marta León ,Lunwerg ,- ,2022 ,978-8418820854 ,Fisioterapia,"Salud femenina, Mujer ",FIS_87/24 ,"Ensayo sobre salud femenina, nutrición y bienestar. "
Biomecánica Clínica de la Marcha ,Zazo SM ,NeuroMotion Control ,- ,2020 ,978-8409248964 ,Fisioterapia,Biomecánica ,FIS_88/24 ,Análisis clínico y biomecánico de la marcha humana. 
Biomecánica Patológica de las Lesiones de Pie y Tobillo ,Zazo SM ,NeuroMotion Control ,- ,2021 ,978-8409269686 ,Fisioterapia,"Biomecánica, Lesión, Pie, Tobillo ",FIS_89/24 ,Alteraciones biomecánicas en lesiones de pie y tobillo. 
Manual de Entrenamiento de la Fuerza ,Mladen Jovanovic ,- ,- ,2021 ,978-8690080373 ,Fisioterapia,Fuerza ,FIS_90/24 ,Desarrollo de la fuerza con fundamentos científicos. 
Práctica Basada en la Evidencia ,Maria Isabel Orts Cortés ,Elsevier ,1ª ,2014 ,978-8490224489 ,Fisioterapia,"Fisioterapia, Investigación ",FIS_91/24 ,Toma de decisiones clínicas fundamentadas en evidencia. 
Practical Evidence-Based Physiotherapy ,"R. Herbert, G. Jamtvedt, K.B. Hagen, M. Elkins ",Elsevier ,3ª ,2022 ,978-0323848398 ,Fisioterapia,"Fisioterapia, Investigación ",FIS_92/24 ,Fisioterapia basada en evidencia con ejemplos clínicos. 
Tratamiento Fisioterápico en Pediatría ,Varios ,Colección Práctico Profesional ,- ,2006 ,978-8466553834 ,Fisioterapia,Pediatría ,FIS_93/24 ,Técnicas fisioterapéuticas en niños con diversas patologías. 
Fisioterapia en Neonatología ,"Fernández Rego, Torró Ferrero ",Editorial Médica Panamericana ,1ª ,2021 ,978-8491106371 ,Fisioterapia,"Fisioterapia, Neonatología ",FIS_94/24 ,Intervenciones fisioterapéuticas en recién nacidos. 
Fisioterapia en Atención Temprana ,"Fernández Rego, Torró Ferrero ",Editorial Médica Panamericana ,1ª ,2023 ,978-8491109877 ,Fisioterapia,"Fisioterapia, Infancia ",FIS_95/24 ,Estimulación precoz y desarrollo funcional en primera infancia. 
Rehabilitación del suelo pélvico femenino ,"Inés Ramírez García, Laia Blanco, Stephanie Kauffman ",Editorial Médica Panamericana ,- ,2013 ,978-8498354645 ,Fisioterapia,"Rehabilitación, Suelo pélvico ",FIS_1/25 ,Información basada en experiencia clínica y científica. 
"Ecografía en reproducción, endometriosis... ",J.L. Alcázar ,Editorial Médica Panamericana ,- ,2022 ,978-91109099 ,Fisioterapia,"Ecografía, Endometriosis, Suelo pélvico, Dolor ",FIS_2/25 ,Texto de referencia sobre ecografía en áreas clínicas específicas. 
Lesiones musculares en el deporte ,"Balius, Pedret ",Editorial Médica Panamericana ,"1ª ed., 8ª reimp. ",2023 ,978-8491104797 ,Fisioterapia,"Lesión, Lesión deportiva ",FIS_3/25 ,Herramienta práctica para abordar lesiones musculares en deporte. 
Ecografía musculoesquelética. Atlas ilustrado ,"P. Barceló, I. Iriarte ",Editorial Médica Panamericana ,"1ª ed., 4ª reimp. ",2022 ,978-8491104339 ,Fisioterapia,Ecografía musculoesquelética ,FIS_4/25 ,Visión completa y sistematizada de la anatomía ecográfica. 
Fundamentos de radiología musculoesquelética ,Clyde A. Helms ,Elsevier ,- ,2021 ,978-8418706080 ,Fisioterapia,Radiología musculoesquelética ,FIS_5/25 ,Libro de referencia con nuevas imágenes y protocolos. 
Ecografía musculoesquelética esencial ,Ángel Bueno Horcajadas (coord.) ,Editorial Médica Panamericana ,- ,- ,978-8491106937 ,Fisioterapia,Ecografía musculoesquelética ,FIS_6/25 ,Apuntes de curso de ecografía musculoesquelética. 
Nutrición y salud. Conceptos esenciales ,"A. Gil, E. Martinez, M.D. Ruiz-López ",Editorial Médica Panamericana ,- ,2019 ,978-8491101475 ,Fisioterapia,Nutrición ,FIS_7/25 ,Estructurado en cuatro grandes áreas temáticas. 
Nutriguía. Manual de nutrición clínica ,"Ortega, Requejo ",Editorial Médica Panamericana ,3ª ,2024 ,978-8411062169 ,Fisioterapia,Nutrición ,FIS_8/25 ,Avances recientes en nutrición clínica. 
Diagnóstico por la imagen del sistema musculoesquelético ,"Reiser, Baur Melnyk, Glaser ",Editorial Médica Panamericana ,- ,2011 ,978-8498354157 ,Fisioterapia,Sistema musculoesquelético ,FIS_9/25 ,Serie con imágenes y claves para diagnóstico preciso. 
Readaptación tras las lesiones deportivas ,Salom ,Editorial Médica Panamericana ,- ,2020 ,978-8491103967 ,Fisioterapia,"Lesión, Lesión deportiva ",FIS_10/25 ,Prevención y tratamiento multidisciplinar de lesiones. 
"Pensamiento crítico, razonamiento clínico y juicio clínico en enfermería ",Rosalinda Alfaro-Lefevre ,Elsevier ,7ª ,2021 ,978-8491138310 ,Fisioterapia,"Pensamiento humano, Razonamiento clínico ",FIS_11/25 ,Desarrollo de pensamiento crítico con sensibilidad y resiliencia. 
Explicando el dolor ,"Butler, David, Moseley, G. Lorimer ",Noigroup publications ,2ª ,2013 ,978-0987246783 ,Fisioterapia,Dolor ,FIS_12/25 ,Desmitifica el proceso de comprensión y tratamiento del dolor. 
Ecografía musculoesquelética. Exploración anatómica y patológica ,I. Iriarte… et. al. ,Editorial Médica Panamericana ,"1ª ed., 3ª reimp. ",2023 ,978-8491104674 ,Fisioterapia,Ecografía musculoesquelética ,FIS_13/25 ,Obra completa sobre anatomía y diagnóstico musculoesquelético. 
Fisiopatología para ciencias biomédicas ,J. Ruiz-Tovar Polo ,Editorial Médica Panamericana ,- ,2024 ,978-8491101321 ,Fisioterapia,"Fisiopatología, Biomedicina ",FIS_14/25 ,Bases de fisiopatología y patologías por sistemas. 
Abordaje del dolor en fisioterapia ,Carlos Tornero… et. al. ,Editorial Médica Panamericana ,1ª ,2022 ,978-8491109709 ,Fisioterapia,"Anatomía, Fisiología, Farmacología, Dolor ",FIS_15/25 ,Valoración clínica y abordajes del dolor musculoesquelético. 
Catálogo de publicaciones médicas 2024/2025 ,Wolters Kluwer ,Wolters Kluwer ,- ,2024-25 ,978-1975192532 ,Fisioterapia,Publicación médica (catálogo) ,FIS_16/25 ,Catálogo de novedades anuales en medicina y salud. 
Catálogo de publicaciones médicas 2025/2026 ,Wolters Kluwer ,Wolters Kluwer ,- ,2025-26 ,978-1975192532 ,Fisioterapia,Publicación médica (catálogo) ,FIS_17/25 ,Catálogo de novedades anuales en medicina y salud. 
Inteligencia metabólica ,Helios Pareja ,Alienta ,- ,2025 ,978-8413444246 ,Fisioterapia,Metabolismo ,FIS_18/25 ,Cómo dominar el metabolismo para optimizar salud y rendimiento. 
Anatomía humana. Atlas interactivo multimedia ,Giuseppe Anastasi… et. al. ,Ediermes ,1ª ,2022 ,978-8419156464 ,Fisioterapia,Anatomía ,FIS_19/25 ,Atlas con estrategia de aprendizaje innovadora y multimedia. 
Medicina y Ciencias del Deporte y Actividad Física. Volumen I ,Armando E. Pancorbo Sandoval ,Océano Ergón ,- ,2012 ,978-8415142133 / 978-8415142140 ,Fisioterapia,Medicina deportiva ,FIS_20/25 ,Medicina deportiva y ciencias del ejercicio físico. 
Medicina y Ciencias del Deporte y Actividad Física. Volumen II ,Armando E. Pancorbo Sandoval ,Océano Ergón ,- ,2012 ,978-8415142133 / 978-8415142157 ,Fisioterapia,Medicina deportiva ,FIS_21/25 ,Continuación del volumen I sobre medicina deportiva. 
Procedimientos técnicos en urgencias y emergencias ,"Antonio Quesada Suescun, José Manuel Rabanal Llevot ",Ergón Creación ,- ,2005 ,8484730859 ,Fisioterapia,"Emergencia, Urgencia (manual) ",FIS_22/25 ,Manual de procedimientos técnicos en urgencias. 
Fisiología dinámica ,A. Córdova ,Elsevier-Masson ,- ,2014 ,844581270X ,Fisioterapia,Fisiología ,FIS_23/25 ,"Fisiología con enfoque en fatiga, envejecimiento y reproducción. "
"Nutrición para la salud, la condición física y el deporte ","Melvin H. Williams, Dawn Anderson, Eric S. Rawson ",Paidotribo ,- ,2015 ,978-8499105284 ,Fisioterapia,Nutrición ,FIS_24/25 ,Revisión de efectos del ejercicio y nutrición sobre la salud. 
Fisioterapia en ortopedia y traumatología ,Ehmer Bernhard ,McGraw-Hill Interamericana de España ,1ª ,2005 ,8448606566 ,Fisioterapia,"Ortopedia, Traumatología ",FIS_25/25 ,Aborda ortopedia y traumatología desde la fisioterapia. 
La bioquímica clínica a través de 900 preguntas y respuestas ,Jacobo Díaz Portillo et al. ,Ergón Creación ,1ª ,2010 ,978-8484738336 ,Fisioterapia,Bioquímica ,FIS_26/25 ,Diagnóstico clínico rápido mediante preguntas y respuestas. 
El niño politraumatizado ,J. Casado Flores ,Ergón Creación ,1ª ,2004 ,978-8484732990 ,Fisioterapia,"Bebé, Niño, Politraumatismo ",FIS_27/25 ,Evaluación y tratamiento integral del niño politraumatizado. 
Compendio de terapia manual ,D. Heimann ,Paidotribo ,- ,2006 ,8480198257 ,Fisioterapia,Fisioterapia general (manual) ,FIS_28/25 ,Maniobras clasificadas por articulaciones con ilustraciones. 
Osteopatía. Una terapia por descubrir ,Pierre Tricot ,Paidotribo ,- ,2006 ,8480196904 ,Fisioterapia,Osteopatía ,FIS_29/25 ,Terapia manual para devolver movilidad y flexibilidad al cuerpo. 
Cinesiología. Alteraciones tónicas ,Ariel Joselovsky ,Paidotribo ,- ,2009 ,978-8480191296 ,Fisioterapia,Cinesiología ,FIS_30/25 ,Problemas posturales derivados de tensiones miofasciales. 
Terapia Manual. Método Dorn ,Gamal Raslan ,Paidotribo ,1ª ,2009 ,978-8480198165 ,Fisioterapia,Dorn (método) ,FIS_31/25 ,Terapia manual suave para alinear columna y articulaciones. 
Manual radiográfico ,Philip W. Ballinger ,Prayma ,- ,2010 ,978-8470923456 ,Fisioterapia,Radiografía ,FIS_32/25 ,Manual técnico sobre procedimientos radiográficos. 
Técnica de osteopatía craneal ,Alain Géhin ,Paidotribo ,- ,2007 ,978-8480199407 ,Fisioterapia,Osteopatía ,FIS_33/25 ,Exploraciones manuales del sistema craneal. 
Osteopatía visceral ,"Marc de Coster, Annemie Pollaris ",Paidotribo ,4ª ,2018 ,978-8499106946 ,Fisioterapia,Osteopatía ,FIS_34/25 ,Técnicas osteopáticas para órganos internos. 
Praxis de La Osteopatía Craneosacra ,Torsten Liem ,Paidotribo ,1ª ,2006 ,8480195983 ,Fisioterapia,Osteopatía ,FIS_35/25 ,Diagnóstico manual y técnicas terapéuticas craneosacras. 
Urgencias en pediatría ,Jordi Pou Fernández ,Ergón Creación ,5ª ,2014 ,978-8415950356 ,Fisioterapia,Pediatría ,FIS_36/25 ,Especialización del pediatra en urgencias. 
Escoliosis idiopática ,"Emanuele Rovatti, Marco Rovatti ",Ediermes ,1ª ,2020 ,978-8870516418 ,Fisioterapia,Escoliosis ,FIS_37/25 ,Ejercicios correctivos del Método Rovatti. 
Hernia discal lumbar ,Francisco Villarejo Ortega ,Ergón Creación ,1ª ,2011 ,978-8484739234 ,Fisioterapia,Hernia discal ,FIS_38/25 ,Diagnóstico y tratamiento basado en evidencia. 
Cirugía Maxilofacial ,Guillermo Raspall Martín ,Ergón Creación ,1ª ,2017 ,978-8417194055 ,Fisioterapia,"Cirugía maxilofacial, Cara, Boca, Cabeza, Cuello ",FIS_39/25 ,Referencia sobre cirugía maxilofacial y ciencias básicas relacionadas. 
El concepto Mulligan ,Wayne Hing et al. ,Paidotribo ,1ª ,2019 ,978-8499107233 ,Fisioterapia,Mulligan (técnica) ,FIS_40/25 ,Manual práctico con más de 160 técnicas Mulligan. 
Los nervios vitales ,John Gibbons ,Paidotribo ,1ª ,2023 ,978-8499109985 ,Fisioterapia,"Nervio, Sistema nervioso ",FIS_41/25 ,Relación entre sistema nervioso y dolor musculoesquelético. 
Manual de localización muscular en espasticidad ,Lluis Guirao Cano ,Ergón Creación ,1ª ,2013 ,978-8415950172 ,Fisioterapia,"Músculo, Infiltración, Toxina botulínica ",FIS_42/25 ,Métodos para reducir ansiedad y dolor en infiltraciones. 
Ecografía muscular de la extremidad inferior ,R. Balius ,Elsevier-Masson ,1ª ,2005 ,8445814958 ,Fisioterapia,"Ecografía, Músculo ",FIS_43/25 ,Técnica ecográfica en lesiones musculotendinosas deportivas. 
Estenosis del canal lumbar ,Francisco Villarejo Ortega ,Ergón Creación ,1ª ,2014 ,978-8415950752 ,Fisioterapia,"Estenosis, Lumbar",FIS_44/25 ,Tratamiento personalizado según el tipo de paciente. 
Manual de Obstetricia y Ginecología ,"Lluis Cabero i Roura, Donato Saldivar, Sergio Fajardo ",Ergón Creación ,1ª ,2015 ,978-8416270613 ,Fisioterapia,"Obstetricia, Ginecología",FIS_45/25 ,Formación básica en obstetricia y ginecología para estudiantes. 
Conferencia Nacional de Consenso sobre las úlceras de la extremidad inferior (C.O.N.U.E.I),"Josep Marinel.lo Roura, José Verdú Soriano",Ergón Creación, -,2018 ,978-8417194260 ,Podología,"Úlcera, Conferencias",POD_7/25 ; POD_7-1/25,"Presenta técnicas quirúrgicas del pie, incluye anestesia, cirugía del antepié y traumatología. "
Anatomía para el movimiento: Introducción al análisis de las técnicas corporales,Blandine Calais-Germain,Ergón Creación,1ª ,1988,2950060811,Fisioterapia,Anatomía,FIS_46/25 ,"Extenso panorama de los huesos, las articulaciones y los músculos en relación directa con el movimiento."
Kinesiology tape manual: 80 aplicaciones practicas,"Txema Aguirre, María Achalandabaso",Biocorp Europa,2ª ,2012,978-8461621286,Fisioterapia,Kinesiología,FIS_47/25 ,"Se trata de un libro que supone la evolución del título ""Kinesiology Tape Manual. Aplicaciones Prácticas"" que ha sido revisada y ampliada con lo que en la actualidad contiene 80 Aplicaciones prácticas."
Atlas Ilustrado De Anatomía,Adriana Bigutti,Tikal-Susaeta, -,2003,978-8430534784,Fisioterapia,"Anatomía, Atlas",FIS_48/25 ,"Un viaje fascinante al mundo desconocido y secreto del cuerpo humano, a través de páginas repletas de información sobre la función y estructura de los diversos órganos: el esqueleto y el sistema muscular, nervios y glándulas endocrinas, digestión y respiración, circulación sanguínea y linfática, piel y riñones, reproducción."
