,CATÁLOGO NUEVAS TECNOLOGÍAS INTERACTIVAS,,,,,,,
Título,Autor/a,Editorial,Edición,Año,ISBN,Materias/Temáticas,Signatura Topográfica,Resumen
Introduction to Java Programming and Data Structures ,Y. Daniel Liang ,Pearson ,11ª ,2017 ,978-0134670942 ,"Ciberseguridad, Java, Estructura de datos ",CIB_1/23 ,Curso completo de introducción a la programación en Java... 
Learn C Programming ,Jeff Szuhay ,Packt Publishing ,2ª ,2022 ,978-1801078450 ,"Ciberseguridad, Programación C ",CIB_2/23 ,Guía para principiantes que enseña C desde cero... 
Python for Data Analysis ,Wes McKinney ,O'Reilly Media ,3ª ,2022 ,978-1098104023 ,"Ciberseguridad, Python, Análisis de datos ",CIB_3/23 ,Manual definitivo para manipulación y análisis de datos... 
Threat Modeling: Designing for Security ,Adam Shostack ,Wiley ,1ª ,2014 ,978-1118809990 ,"Ciberseguridad, Seguridad ",CIB_4/23 ,Guía práctica para integrar la modelación de amenazas... 
Computer Networks ,Andrew S. Tanenbaum ,Prentice Hall PTR ,4ª ,2003 ,978-0130661029 ,"Ciberseguridad, Networks ",CIB_5/23 ,Explicación estructurada del funcionamiento de las redes... 
Discrete Mathematics and Its Applications ,Kenneth H. Rosen ,McGraw-Hill Education ,8ª ,2025 ,978-1260091991 ,"Ciberseguridad, Matemáticas ",CIB_6/23 ,Obra fundamental en el estudio de la matemática discreta... 
Linear Algebra ,"Stephen H. Friedberg, Arnold J. Insel, Lawrence E. Spence ",Pearson ,5ª ,2018 ,978-0134860244 ,"Ciberseguridad, Álgebra ",CIB_7/23 ,Texto teórico que enfatiza la relación entre transformaciones lineales y matrices... 
Redes globales de información con Internet y TCP/IP ,Douglas E. Comer ,Prentice Hall ,3ª ,1996 ,978-9688805411 ,"Ciberseguridad, Internet, TCP/IP, Redes ",CIB_8/23 ,"Explica los principios básicos, protocolos y arquitectura de las redes... "
Introduction to Algorithms ,"Thomas H. Cormen, Charles E. Leiserson, Ronald L. Rivest, Clifford Stein ",MIT Press ,4ª ,2022 ,978-0262046305 ,"Ciberseguridad, Algoritmos ",CIB_1/24 ,Texto de referencia mundial en algoritmos... 
Ejercicios de análisis y diseño de algoritmos ,Juan Luis Rubio Sánchez ,Marcombo ,1ª ,2024 ,978-8445446836 ,"Ciberseguridad, Algoritmos ",CIB_2/24 ,Manual práctico que introduce herramientas matemáticas... 
Desarrollo de Bases de Datos ,Dolores Cuadra Fernández ,RA-MA Editorial ,2ª ,2013 ,978-8499641249 ,"Ciberseguridad, Bases de datos ",CIB_4/24 ,Presenta ejercicios prácticos desde el análisis hasta la implementación... 
Bases de datos ,Antonio Postigo Palacios ,Ediciones Paraninfo ,1ª ,2021 ,978-8413660769 ,"Ciberseguridad, Bases de datos ",CIB_5/24 ,Manual completo para los ciclos formativos de informática... 
"UML: Arquitectura de Aplicaciones en Java, C++ y Python ",Carlos Jiménez de Parga ,RA-MA Editorial ,2ª ,2021 ,978-8418551574 ,"Ciberseguridad, Arquitectura, Java, C++, Python ",CIB_6/24 ,Guía completa sobre modelado UML 2.x con ejemplos reales... 
Curso intensivo de Python ,Eric Matthes ,Anaya Multimedia ,3ª ,2024 ,978-8441549241 ,"Ciberseguridad, Python ",CIB_7/24 ,Guía práctica para aprender Python desde cero... 
Seguridad en Bases de Datos y Aplicaciones Web ,Gabriel Gallardo Avilés ,IT Campus Academy ,2ª ,2016 ,978-1540420565 ,"Ciberseguridad, Bases de datos, Aplicaciones Web ",CIB_8/24 ,Introducción a los riesgos y vulnerabilidades en bases de datos... 
Seguridad del almacenamiento de datos en la nube ,"C. Sasikala, C. Shoba Bindu ",Ediciones Nuestro Conocimiento ,1ª ,2023 ,978-6205769652 ,"Ciberseguridad, Nube, Almacenamiento de datos ",CIB_9/24 ,Estrategias probadas para garantizar la integridad de los datos... 
Mastering Python 3 Programming ,Subburaj Ramasamy ,BPB Publications ,1ª ,2024 ,978-9355517128 ,"Ciberseguridad, Python ",CIB_10/24 ,Guía completa para dominar Python 3... 
Análisis de seguridad en base de datos: Aplicación Oracle versión 11g ,Guillermo Cifuentes ,Editorial Académica Española ,1ª ,2017 ,978-6202097888 ,"Ciberseguridad, Bases de datos, Oracle ",CIB_11/24 ,Checklist de seguridad para bases de datos Oracle 11g... 
Firewalls and Internet Security ,"William R. Cheswick, Steven M. Bellovin, Aviel D. Rubin ",Addison-Wesley Professional ,2ª ,2003 ,978-0201634662 ,"Ciberseguridad, Hacker ",CIB_12/24 ,Guía definitiva para proteger redes contra ataques... 
SIC: Ciberataques 2024 ,- ,- ,- ,2024 ,- ,"Ciberseguridad, Ciberataques ",CIB_13/24 ,Revista especializada en seguridad de la información... 
Fundamentos de seguridad en redes. Aplicaciones y estándares ,William Stallings ,Pearson ,2ª ,2010 ,84-20540021 ,"Ciberseguridad, Redes, Aplicaciones ",CIB_1/25 ,En esta era de la conectividad electrónica universal... 
Disciplined entrepreneurship: 24 Steps to a Successful Startup ,Bill Aulet ,Wiley ,- ,2013 ,978-118692288 ,"Ciberseguridad, Entrepreneurship ",CIB_2/25 ,Guía completa y actualizada para crear una startup exitosa... 
Bases de datos y sistemas expertos ,R. Frost ,Ediciones Díaz de santos ,- ,1989 ,84-87189210 ,"Ciberseguridad, Bases de datos ",CIB_3/25 ,Conocimientos y técnicas para diseñar sistemas expertos... 
"Mundo hacker. Seguridad perimetral, monitorización y ataques en redes ",Antonio Ramos Barón… et. al. ,RA-MA ,- ,2014 ,978-8499642970 ,"Ciberseguridad, Hacker, Ataques, Monitorización ",CIB_4/25 ,Introducción práctica al hacking de redes y seguridad perimetral... 
"Uno para nosotros, uno para ti ",Oscar Cuesta (director) ,Tequila ,- ,2020 ,978-8409182619 ,Ciberseguridad ,CIB_5/25 ,- 
Arte de videojuegos. Da forma a tus sueños ,Daniel González ,Ra-Ma ,1ª ,2014 ,978-8499642765 ,"Videojuegos, Diseño artístico ",ART_1/23 ,Guía práctica sobre diseño artístico en videojuegos... 
Estética en Videojuegos ,José Alberto Corbal ,Ra-Ma ,1ª ,2018 ,978-8499647289 ,"Videojuegos, Estética ",ART_2/23 ,Reflexiona sobre los videojuegos como arte... 
Anatomía de la creatividad ,Llorenç Guilera Agüera ,Marge Books ,1ª ,2020 ,978-8417903558 ,"Videojuegos, Creatividad ",ART_3/23 ,Estudio psicosocial de la creatividad como actitud vital... 
Arte y percepción visual ,Rudolf Arnheim ,Alianza ,- ,2022 ,978-8420678740 ,"Videojuegos, Creación artística ",ART_4/23 ,Aplicación de la psicología de la Gestalt al análisis de las artes visuales... 
"Historia del Arte, 4 vols. ",Juan Antonio Ramírez (dir.) ,Alianza ,2ª ,2018 ,978-8491813194 ,"Videojuegos, Historia del arte ",ART_5/23 ,Obra colectiva que analiza la evolución del arte... 
"Arquitectura: Forma, Espacio y Orden ",Francis D.K. Ching ,Gustavo Gili ,4ª ,2015 ,978-8425228698 ,"Videojuegos, Arquitectura, Forma, Espacio, Orden ",ART_6/23 ,Manual clásico sobre los fundamentos del diseño arquitectónico... 
Figure Drawing for All It's Worth ,Andrew Loomis ,Clube de Autores ,- ,2021 ,978-0857680983 ,"Videojuegos, Dibujo, Figura humana ",ART_7/23 ,Manual clásico sobre dibujo de figura humana... 
Teorías del arte. De Platón a Winckelmann ,Moshe Barasch ,Alianza ,1ª ,1996 ,978-8420671086 ,"Videojuegos, Teoría del arte ",ART_8/23 ,Recorre las principales corrientes de la teoría del arte... 
Force: Drawing Human Anatomy ,Mike Mattesi ,CRC Press ,1ª ,2017 ,978-0415733977 ,"Videojuegos, Anatomía artística ",ART_9/23 ,Enseña anatomía artística desde el movimiento... 
Autodesk Maya 2023: A Comprehensive Guide ,Sham Tickoo ,CADCIM Technologies ,14ª ,2022 ,978-1640571433 ,"Videojuegos, Autodesk Maya ",ART_10/23 ,Manual completo sobre Autodesk Maya 2023... 
Mastering Autodesk Maya 2016 ,Todd Palamar ,SYBEX Inc. ,1ª ,2015 ,978-1119059820 ,"Videojuegos, Autodesk Maya ",ART_11/23 ,"Guía avanzada para usuarios de Maya. Técnicas profesionales para modelado, animación y simulaciones. "
Power Ups: Conviértete en un Profesional de los Videojuegos ,Juan Pablo Ordóñez ,Plan B ,1ª ,2013 ,978-8494112836 ,"Videojuegos, Industria del videojuego ",ART_12/23 ,Guía completa sobre la industria del videojuego con testimonios de profesionales. 
Drawing Basics and Video Game Art ,Chris Solarski ,Watson-Guptill ,1ª ,2012 ,978-0823098477 ,"Videojuegos, Arte en videojuegos ",ART_13/23 ,Enseña fundamentos de dibujo aplicados al diseño de videojuegos. 
The Animator’s Survival Kit ,Richard Williams ,Faber & Faber ,1ª ,2002 ,978-0571202287 ,"Videojuegos, Timing, Spacing ",ART_14/23 ,Manual esencial para animadores. Principios fundamentales de animación. 
Anatomía para escultores ,Uldis Zarins / Sandis Kondrats ,Anatomy Next Inc. ,1ª ,2014 ,978-1953875105 ,"Videojuegos, Figura humana ",ART_1/24 ,"Guía visual sobre anatomía humana para escultura, dibujo y modelado 3D. "
Kotlin Apprentice ,"Irina Galata, Joe Howard, Dick Lucas, Ellen Shapiro ",Razeware LLC ,1ª ,2018 ,978-1942878506 ,"Videojuegos, Kotlin ",ART_2/24 ,"Guía para aprender Kotlin desde cero, incluyendo programación funcional y multiplataforma. "
Learning Virtual Reality ,Tony Parisi ,O'Reilly Media ,1ª ,2015 ,978-1491922835 ,"Videojuegos, Realidad virtual ",ART_3/24 ,"Manual para crear experiencias VR en Oculus Rift, Gear VR, Unity3D, WebVR y WebGL. "
Programación orientada a objetos con Java usando BlueJ ,"David J. Barnes, Michael Kölling ",Pearson Educación ,6ª ,2017 ,978-8490355312 ,"Videojuegos, Java, BlueJ ",ART_4/24 ,Introducción a la POO con Java usando BlueJ como entorno de desarrollo. 
Science of Creature Design ,Terryl Whitlatch ,Design Studio Press ,1ª ,2015 ,978-1624650291 ,"Videojuegos, Diseño de criaturas ",ART_5/24 ,Diseño de criaturas fantásticas basado en anatomía animal real. 
Mechanika ,Doug Chiang ,Impact Books ,1ª ,2008 ,978-1600610233 ,"Videojuegos, Dibujo, Diseño ",ART_6/24 ,Manual técnico sobre diseño de ciencia ficción con lecciones paso a paso. 
Interactive Computer Graphics ,"Edward Angel, Dave Shreiner ",Addison-Wesley / Pearson ,8ª ,2020 ,978-0135217160 ,"Videojuegos, Programación gráfica, WebGL, Java ",ART_7/24 ,Introducción a gráficos interactivos con OpenGL y JavaScript. 
Storytelling como estrategia de comunicación ,Guillaume Lamarre ,Editorial GG ,1ª ,2019 ,978-8425232046 ,"Videojuegos, Storytelling, Comunicación ",ART_8/24 ,Herramientas narrativas para comunicadores y creativos en el entorno digital. 
El Hobbit ,J.R.R. Tolkien ,Norma Editorial ,1ª ,2017 ,978-8467909227 ,Cómic ,ART_9/24 ,Adaptación al cómic del clásico de Tolkien ilustrada por David Wenzel. 
The art of 3D computer. Animation and effects ,Isaac Krlow ,- ,4ª ,2009 ,978-0470084908 ,"Videojuegos, 3D, Animación, Efectos ",ART_1/25 ,Guía completa para crear animaciones 3D desde la idea hasta el render final. 
La Física en Problemas ,Félix A. González ,Herso Herreros y Socios ,1ª ,2016 ,978-8494584169 ,"Videojuegos, Física ",ART_2/25 ,- 
El programador pragmático ,"David Thomas, Andrew Hunt ",Anaya ,- ,2022 ,978-8441545878 ,"Videojuegos, Programación ",ART_3/25 ,Libro técnico influyente sobre buenas prácticas en desarrollo de software. 
Designing sound ,Andy Farnell ,- ,- ,2010 ,978-0262014410 ,"Videojuegos, Creación, Efectos, Sonido ",ART_4/25 ,Guía práctica para crear efectos sonoros desde cero con software libre. 
Interactive audio ,"Karen Collins, Bill Kapralos, Holly Tessler (eds.) ",Hardcover (Oxford) ,- ,2014 ,978-0199797226 ,"Videojuegos, Sistemas interactivos ",ART_5/25 ,Análisis de la interactividad sonora en videojuegos y medios digitales. 
SQL fácil ,Pere Chardi García ,Marcombo ,- ,2014 ,978-8426721006 ,"Videojuegos, SQL ",ART_6/25 ,Manual interactivo para aprender SQL con ejercicios prácticos. 
Código limpio ,Robert C. Martin ,Anaya ,- ,2012 ,978-8441532106 ,"Videojuegos, Desarrollo de software, Código limpio ",ART_7/25 ,Principios y prácticas para escribir código limpio y mantenible. 
iOS programming fundamentals with Swift ,Matt Neuburg ,O'Reilly ,8ª ,2021 ,978-1098118501 ,"Videojuegos, iOS, Xcode, Swift ",ART_8/25 ,Introducción al desarrollo en iOS con Swift y Xcode. 
Swift apprentice: fundamentals ,Kodeco team ,Kodeco ,1ª ,2023 ,978-1950325825 ,"Videojuegos, Swift ",ART_9/25 ,Aprendizaje básico de Swift para todas las plataformas de Apple. 
Audio-vision: sound on screen ,Michel Chion ,Columbia University ,2ª ,2019 ,978-0231185899 ,"Videojuegos, Sonido, Pantalla ",ART_10/25 ,Estudio sobre el papel del sonido en el cine y medios digitales. 
Programación avanzada orientada a objetos ,"Baltasar García Pérez-Schofield, Francisco Ortín Soler ",Andavira Editora ,1ª ,2011 ,978-8484085676 ,"Videojuegos, Programación, Objetos ",ART_11/25 ,"Formación del paradigma orientado a objetos, desde conceptos básicos hasta modelos basados en prototipos. "
The DevOps Handbook ,Gene Kim… et. al. ,IT Revolution Press ,- ,2021 ,978-1950508402 ,Videojuegos ,ART_12/25 ,Manual actualizado sobre transformación digital con casos prácticos. 
Agile Software Requirements ,"Dean Leffingwell, Don Widrig ",Addison-Wesley Educational Publishers ,1ª ,2010 ,978-032163584 ,"Videojuegos, Programas ",ART_13/25 ,Enfoques ágiles y lean para gestión de requisitos en equipos y empresas. 
Peopleware: Productive Projects and Teams ,"Tom DeMarco, Tim Lister ",Addison Wesley ,3ª ,2016 ,978-0321934116 ,Videojuegos ,ART_14/25 ,Libro influyente sobre gestión de equipos en desarrollo de software. 
Video game level design ,Michel Salmond ,Bloomsbury Academic ,- ,- ,978-1350099500 / 978-1350015722 ,"Videojuegos, Diseño ",ART_15/25 ,Introducción al diseño de niveles con enfoque en emoción e interacción. 
Sistemas operativos: Ejercicios resueltos ,William Stallings ,Alhambra ,5ª ,2005 ,978-8420544625 ,"Videojuegos, Sistemas operativos ",ART_16/25 ,Conceptos y mecanismos de sistemas operativos actuales. 
Comunicaciones y redes de computadores ,"William Stallings, Jesús E. Díaz Verdejo ",Alhambra ,7ª ,2004 ,978-8420541105 ,"Videojuegos, Redes, Comunicación ",ART_17/25 ,Visión actualizada y comprensible sobre redes y comunicaciones. 
Ingeniería de software ,PRESSMAN ROGER ,McGraw Hill / Latinoamérica ,9ª ,2021 ,978-1456287726 ,"Videojuegos, Ingeniería de software ",ART_18/25 ,Introducción detallada a procesos y herramientas de ingeniería de software. 
Física para ciencias e ingeniería ,Serway ,Cengage Learning ,10ª ,2019 ,978-6075266695 ,"Videojuegos, Física, Ingeniería ",ART_19/25 ,Texto integrador con ejercicios y pedagogía educativa sólida. 
Sistemas operativos modernos 3ED ,Andrew S. Tanenbaum ,Prentice Hall ,- ,- ,978-6074420463 ,"Videojuegos, Sistemas operativos, 3ED ",ART_20/25 ,- 
Realidad Virtual. Construyendo el presente... ,Francisco Felip Miralles ,Tirant Humanidades ,1ª ,2020 ,978-8418155871 ,"Videojuegos, Realidad virtual, Diseño, Arte, Arquitectura ",ART_21/25 ,Análisis del impacto de las TIC en la cultura digital. 
Learning Blender ,Oliver Villar ,Addison Wesley ,- ,- ,978-0136411758 ,"Videojuegos, TIC ",ART_22/25 ,Guía sobre herramientas digitales en diseño y creación. 
Aura ,Jose Luis Ochoa ,Gobierno de Cantabria ,- ,2021 ,978-8409331222 ,"Videojuegos, Dibujo, Arte ",ART_23/25 ,- 
No me hagas pensar ,Steve Krug ,Anaya Multimedia ,2ª ,2015 ,978-8441537279 ,"Videojuegos, Móvil ",DEV_1/23 ,Clásico sobre usabilidad web. Incluye capítulo sobre usabilidad móvil. 
The Game Production Handbook ,Heather Maxwell Chandler ,Jones & Bartlett Publishers ,3ª ,2013 ,978-1449688097 ,"Videojuegos, Producción de videojuegos ",DEV_2/23 ,Manual completo sobre producción de videojuegos. 
Agile Estimating and Planning ,Mike Cohn ,Pearson Education ,1ª ,2005 ,978-0131479418 ,"Videojuegos, Scrum, XP ",DEV_3/23 ,Técnicas de estimación y planificación para proyectos ágiles. 
Diseño de videojuegos: De amateur a pro ,Michael Salmond ,Parramón ,1ª ,2017 ,978-8434213975 ,"Videojuegos, Diseño ",DEV_4/23 ,Visión completa del diseño de videojuegos desde lo conceptual a lo técnico. 
A Game Design Vocabulary ,"Anna Anthropy, Naomi Clark ",Addison-Wesley / Pearson Education ,1ª ,2014 ,978-0321886927 ,"Videojuegos, Diseño ",DEV_5/23 ,Marco conceptual para entender y diseñar videojuegos. 
Designing Interfaces ,Jenifer Tidwell ,O'Reilly Media ,3ª ,2019 ,978-1492051961 ,"Videojuegos, Diseño ",DEV_6/23 ,"Patrones de diseño para interfaces efectivas en web, móvil y escritorio. "
La Psicología de los Videojuegos ,Jamie Madigan ,BenBella Books ,1ª ,2015 ,978-1442239999 ,"Videojuegos, Psicología, Investigación ",DEV_7/23 ,Cómo los videojuegos afectan la mente humana y el comportamiento. 
Games User Research ,"Anders Drachen, Pejman Mirza-Babaei, Lennart Nacke ",Oxford University Press ,1ª ,2018 ,978-0198794844 ,"Videojuegos, Investigación, UX ",DEV_8/23 ,Métodos y estudios de caso para mejorar la experiencia del jugador. 
Algorithm Design ,"Jon Kleinberg, Éva Tardos ",Pearson ,1ª ,2005 ,978-0321295354 ,"Videojuegos, Diseño, Algoritmos ",DEV_9/23 ,Técnicas de diseño de algoritmos aplicadas a problemas reales. 
Introduction to Algorithms ,Thomas H. Cormen et al. ,MIT Press ,4ª ,2022 ,978-0262046305 ,"Videojuegos, Algoritmos ",DEV_10/23 ,Referencia académica sobre diseño y análisis de algoritmos. 
Libro blanco de accesibilidad para desarrolladores ,Arturo Monedero et al. ,Fundación ONCE – AEVI ,1ª ,2023 ,- ,Videojuegos ,DEV_11/23 ,61 medidas para mejorar la accesibilidad en videojuegos. 
Algorithms For Interviews ,"Adnan Aziz, Amit Prakash ",Createspace Independent Publishing ,1ª ,2010 ,978-1453792995 ,"Videojuegos, Algoritmos ",DEV_12/23 ,174 problemas resueltos sobre algoritmos para entrevistas técnicas. 
Psicología & Gamers ,Marco Zanzi Morandi ,Editorial Académica Española ,1ª ,2019 ,978-6200055323 ,"Videojuegos, Psicología, MMPI-2, Entorno virtual, Figura humana ",DEV_13/23 ,Estudio psicológico sobre jugadores de rol online. 
Unity 5 from Zero to Proficiency ,Patrick Felicia ,CreateSpace Independent Publishing ,1ª ,2016 ,978-1518699894 ,"Videojuegos, Creación, Iluminación, Exportación, Navegación ",DEV_14/23 ,Guía paso a paso para aprender Unity desde cero. 
Principios básicos de impresión 3D ,"Josef Průša, Martin Bach ",Prusa Research ,1ª ,2020 ,- ,"Videojuegos, 3D ",DEV_15/23 ,Introducción completa a la impresión 3D y tecnologías RepRap. 
Resident Evil RE Remake + RE Zero. Guía argumental ,Chris Herraiz ,Independently Published / Make Sedai ,1ª ,2021 ,979-8747338661 ,Videojuegos ,DEV_1/24 ,Adaptación literaria del argumento de los juegos Resident Evil. 
Serious Games for Health ,"Yuri Quintana, Óscar García Pañella ",Gedisa ,1ª ,2017 ,978-8416572878 ,"Videojuegos, Salud, Terapia ",DEV_2/24 ,Cómo los videojuegos pueden mejorar la salud y la educación sanitaria. 
Kanban and Scrum ,"Henrik Kniberg, Mattias Skarin ",- ,- ,2009 ,978-0557138326 ,"Videojuegos, Kanban, Scrum ",DEV_1/25 ,Comparación práctica entre Kanban y Scrum en desarrollo ágil. 
Arquitectura para laboratorios remotos XR ,Isabela Nardi da Silva ,Deusto ,- ,2024 ,- ,"Videojuegos, Arquitectura ",DEV_2/25 ,- 
Kotlin for Android Developers ,Antonio Leiva ,- ,- ,2016 ,978-1530075614 ,"Videojuegos, Kotlin ",DEV_3/25 ,Guía práctica para aprender Kotlin desarrollando una app Android. 
Guion Videojuegos ,Luis Felipe Blasco Vilches ,Plan B Publicaciones ,- ,2019 ,978-8417956004 ,"Videojuegos, Industria ",DEV_4/25 ,Introducción a la escritura de guiones para videojuegos. 
3D Animation Essentials ,Andy Beane ,Sybex ,- ,2012 ,978-1118147481 ,"Videojuegos, 3D ",DEV_5/25 ,Cobertura completa de la industria de animación 3D para artistas y estudiantes. 
Dibujo. Cómo crear objetos y entornos con imaginación ,"Scott Robertson, Tomas Bertling ",Anaya ,- ,2021 ,978-8441542945 ,"Videojuegos, Entornos, Objetos ",DEV_6/25 ,Aprende a dibujar objetos y entornos con perspectiva e imaginación. 
Técnicas de animación ,Richard Williams ,Anaya ,- ,2019 ,978-8441541139 ,"Videojuegos, 3D, Dibujos animados ",DEV_7/25 ,Principios esenciales de animación ilustrados con cientos de dibujos. 
Curso de diseño de personajes ,Javier Gámez Gámez ,Anaya ,- ,2023 ,978-8441547711 ,"Videojuegos, Diseño de personajes ",DEV_8/25 ,Metodología práctica para crear personajes para cine y videojuegos. 
Luz y color ,James Gurney ,Anaya ,- ,2015 ,978-8441536722 ,"Videojuegos, Luz, Color ",DEV_9/25 ,Respuestas a preguntas clave sobre luz y color en arte. 
Real-Time Rendering ,"Tomas Akenine-Moller, Eric Haines, Naty Hoffman ",A K Peters/CRC Press ,4ª ,2018 ,978-1138627000 ,"Videojuegos, Algoritmos, Gráficos ",DEV_10/25 ,Referencia completa sobre gráficos interactivos en 3D. 
Lighting & Rendering ,Jeremy Birn ,New Riders Publishing ,- ,2000 ,978-1562059545 ,"Videojuegos, 3D, Color ",DEV_11/25 ,Estrategias de iluminación digital para artistas 3D. 
"Render. Fundamentos de luz, sombra y reflectividad ","Scott Robertson, Tomas Bertling ",Anaya ,- ,2021 ,978-8441542822 ,"Videojuegos, Luz, Sombra, Reflectividad ",DEV_12/25 ,"Técnicas para representar formas, materiales y conceptos con precisión. "
Imaginarios ludonarrativos ,Óliver Pérez Latorre ,Asociación Shangrila ,- ,2023 ,978-8412736663 ,"Videojuegos, Juegos de mesa ",DEV_13/25 ,"Análisis intertextual de juegos, videojuegos y ficción audiovisual. "
"Arte, género y diseño en educación digital ",Ricard Huerta ,Tirant Humanidades ,1ª ,2020 ,978-8418329128 ,"Videojuegos, Diseño, Educación digital ",DEV_14/25 ,Reflexión crítica sobre género y diversidad en educación digital. 
Unity. Aprende a desarrollar Videojuegos ,Carlo I. López Sandoval ,RC Libros ,- ,2019 ,978-8494897283 ,"Videojuegos, Desarrollo de videojuegos ",DEV_15/25 ,Guía práctica para aprender a programar en Unity con C#. 
Beginning Game Level Design ,"John Feil, Marc Scattergood ",Premier Press ,- ,2005 ,1592004342 ,"Videojuegos, Diseño ",DEV_16/25 ,Introducción al diseño de niveles en videojuegos con enfoque práctico. 
Unreal Engine 4 Game Development in 24 Hours ,"Cookson Aram, DowlingSoka Ryan ",Sams Div Of Pearson ,- ,2016 ,978-0672337628 ,Videojuegos ,DEV_17/25 ,Guía paso a paso para desarrollar videojuegos con Unreal Engine 4. 
Programación de Videojuegos con Unreal Engine 4 ,"David Vallejo Fernández, Santiago Sánchez Sobrino ",- ,- ,2019 ,978-1079650372 ,"Videojuegos, Programación, Unreal Engine, C++ ",DEV_18/25 ,Introducción a la programación en C++ usando Unreal Engine 4. 
Matemática Discreta: Manual teórico-práctico ,"Valentín Gregori, J. C. Ferrando ",Editorial Reverté ,2ª ,2004 ,978-8429151794 ,"Videojuegos, Matemáticas ",DEV_19/25 ,"Manual con enfoque en funciones recursivas, autómatas y teoría de Ramsey. "
Teoría de juegos ,Pablo y Juan Pablo Pinasco Amster ,Fondo de Cultura Económica ,- ,2018 ,978-6071622341 ,"Videojuegos, Teoría de juegos ",DEV_20/25 ,Introducción accesible a la teoría de juegos y decisiones. 
Visualizando Ecuaciones ,Jettelly Publishing ,- ,- ,2023 ,979-8866801640 ,"Videojuegos, Ecuaciones, Matemáticas, EditorWindow ",DEV_21/25 ,Explicaciones visuales de ecuaciones aplicables al desarrollo en Unity. 
Unity Game Development Cookbook ,"Paris Buttfield-Addison, Jonathon Manning, Tim Nugent ",O'Reilly Media ,- ,2019 ,978-1491999158 ,"Videojuegos, 3D, 2D ",DEV_22/25 ,Recetas prácticas para desarrollo de juegos en Unity. 
A Programmer’s Geometry ,"Adrian Bowyer, John Woodwark ",Butterworths ,1ª ,1983 ,0408013036 ,"Videojuegos, Geometría ",DEV_23/25 ,- 
Game Playing with Computers ,Donald D. Spencer ,Spartan Books ,- ,1968 ,- ,Videojuegos ,DEV_24/25 ,- 
"Construcción y Diseño de Páginas web con HTML, CSS y JavaScript ",Pablo Enrique Fernández Casado ,RA-MA ,1ª ,2023 ,978-8419857163 ,"Multimedia, Diseño de páginas web, HTML, CSS, Java ",MM_1/23 ,"Enseña a crear páginas web desde cero utilizando HTML, CSS y JavaScript. Incluye teoría, ejercicios prácticos, juegos y acceso a código fuente. Ideal para aprender diseño web de forma divertida y efectiva. "
The Art and Science of UX Design ,Anthony Conta ,New Riders ,1ª ,2023 ,978-0138060268 ,"Multimedia, UX ",MM_2/23 ,"Manual completo sobre diseño UX centrado en el usuario. Incluye investigación, ideación, prototipado, pruebas y comunicación de resultados. Ideal para diseñadores que buscan dominar el proceso de diseño UX. "
Problemas de física ,"Burbano de Ercilla, S. B. ",Editorial Tebar ,- ,2004 ,978-8495447272 ,"Multimedia, Física ",MM_3/23 ,"Colección de ejercicios de física. Incluye problemas resueltos y propuestos sobre mecánica, electricidad, óptica y termodinámica. "
"Física para la ciencia y la tecnología, Vol. 1A: Mecánica ","Tipler, P. A., & Mosca, G. ",Reverté ,- ,2021 ,978-8429144215 ,"Multimedia, Física, Mecánica clásica ",MM_4/23 ,"Libro de texto sobre mecánica clásica. Cubre cinemática, dinámica, leyes de Newton, trabajo, energía y conservación del momento. "
Conceptual Physics ,"Hewitt, P. G. ",Pearson Educación ,- ,2002 ,1292437332 ,"Multimedia, Física ",MM_5/23 ,Introducción accesible a la física. Explica conceptos fundamentales con énfasis en la comprensión intuitiva y visual. 
La psicología de los objetos cotidianos (Vol. 6) ,Donald A. Norman ,Editorial Nerea ,1ª ,1998 ,978-8415042019 ,"Multimedia, Psicología ",MM_6/23 ,"Obra clásica sobre diseño centrado en el usuario. Norman analiza cómo las personas interactúan con los objetos cotidianos y cómo el diseño puede facilitar o entorpecer esa interacción. Introduce conceptos como la usabilidad, la visibilidad y los modelos mentales. "
Data Structures And Algorithms Made Easy ,Narasimha Karumanchi ,CareerMonk Publications ,5ª ,2016 ,978-8193245279 ,"Multimedia, Algoritmos ",MM_7/23 ,"Guía práctica para resolver problemas complejos de estructuras de datos y algoritmos. Incluye múltiples soluciones por problema, con código en C/C++. Ideal para entrevistas técnicas y preparación académica. "
WordPress for Beginners 2023 ,Dr. Andy Williams ,Independently Published ,1ª ,2023 ,979-8373759250 ,"Multimedia, Wordpress ",MM_8/23 ,"Guía visual paso a paso para crear sitios web con WordPress. Cubre instalación, configuración, temas, plugins, SEO, seguridad y diseño. Ideal para principiantes sin experiencia técnica. "
UX Design for Mobile ,"Pablo Perea, Pau Giner ",Packt Publishing ,1ª ,2017 ,978-1787283428 ,"Multimedia, UX, Aplicaciones móviles, Móvil ",MM_9/23 ,"Guía práctica para diseñar aplicaciones móviles centradas en la experiencia de usuario. Incluye técnicas de prototipado, pruebas con usuarios reales y diseño iterativo. Ideal para diseñadores, desarrolladores y gestores de producto. "
Comunicación audiovisual digital ,Antoni Roig & Joan Alberich ,Editorial UOC ,1ª ,2005 ,978-8497881559 ,"Multimedia, Comunicación audiovisual ",MM_10/23 ,"Estudia la transformación de la comunicación audiovisual en la era digital. Analiza los cambios en los formatos, los usos sociales y las nuevas narrativas emergentes en medios interactivos. "
"Bases Biológicas, Psicológicas y Socioculturales de la creatividad ",Juan R. Coca y Juan A. Roche Cárcel ,Catarata ,1ª ,2022 ,978-8413525044 ,"Multimedia, Creatividad ",MM_11/23 ,"Estudio interdisciplinar sobre el origen y desarrollo de la creatividad humana. Analiza factores biológicos, psicológicos y socioculturales que influyen en la expresión creativa. "
Prácticas artísticas e Internet en la época de las Redes Sociales ,Juan Martín Prada ,Akal ,1ª ,2015 ,978-8446039273 ,"Multimedia, Redes sociales, Internet ",MM_12/23 ,"Analiza cómo las redes sociales han transformado las prácticas artísticas contemporáneas. Examina el papel del artista en la era digital, la autorrepresentación, la interacción y la creación colaborativa. "
El ver y las Imágenes en el Tiempo de Internet ,Juan Martín Prada ,Akal ,1ª ,2018 ,978-8446046363 ,"Multimedia, Internet, Imagen ",MM_13/23 ,"Reflexiona sobre la transformación de la mirada en la era digital. Explora cómo las imágenes circulan, se consumen y se reinterpretan en entornos virtuales, redes sociales y plataformas digitales. "
Estudios visuales. La epistemología de la visualidad en la era de la globalización ,José Luis Brea ,Akal ,1ª ,2005 ,978-8446013211 ,"Multimedia, Estudios visuales ",MM_14/23 ,"Obra clave en el campo de los estudios visuales. Examina cómo la globalización afecta la producción, circulación y recepción de imágenes. Propone una epistemología crítica de la visualidad contemporánea. "
Psicología del color ,Eva Heller ,Editorial GG ,1ª ,2022 ,978-8425229299 ,"Multimedia, Psicología, Color ",MM_15/23 ,"Estudio sobre el impacto emocional y simbólico de los colores. Incluye análisis de asociaciones culturales, diseño, cromoterapia y percepción. "
Programación concurrente y en tiempo real ,Manuel Capel Tuñón ,Garceta Grupo Editorial ,1ª ,2022 ,978-8417992786 ,"Multimedia, Programación, Sincronización, Procesos, Planificación, Comunicación ",MM_16/23 ,"Introducción a la programación concurrente y sistemas en tiempo real. Cubre conceptos como sincronización, planificación, comunicación entre procesos y aplicaciones prácticas en sistemas embebidos. "
Arduino Práctico ,David Lozano Equisoain ,Anaya Multimedia ,1ª ,2022 ,978-8441545380 ,"Multimedia, Programación, Arduino ",MM_17/23 ,"Manual práctico para aprender a programar con Arduino. Incluye proyectos paso a paso, desde sensores básicos hasta control de motores y comunicación inalámbrica. "
Introducción a la programación ,Francisco Charte Ojeda ,Anaya Multimedia ,1ª ,2022 ,978-84-415-4353-9 ,"Multimedia, Programación, Objetos, Entornos ",MM_18/23 ,"Manual introductorio que enseña los fundamentos de la programación independientemente del lenguaje. Ideal para principiantes, cubre conceptos como estructuras de control, tipos de datos, programación orientada a objetos y entornos de desarrollo. "
Las tres eras de la Imagen ,José Luis Brea ,Akal ,1ª ,2010 ,978-8446034629 ,"Multimedia, Imagen ",MM_19/23 ,"Brea propone una genealogía de la imagen contemporánea, desde la imagen-materia (arte clásico), pasando por el film (cine), hasta la e-imagen (imagen digital). Analiza cómo cada era transforma la percepción, la estética y la cultura visual. "
El Actionbook de Designpedia ,"Gasca, J. y Zaragoza, R. ",LID Editorial ,- ,2022 ,978-8418648694 ,"Multimedia, Actionbook, Designpedia ",MM_20/23 ,"Herramienta práctica para aplicar metodologías de diseño e innovación. Incluye dinámicas, plantillas y ejercicios para fomentar la creatividad y el pensamiento estratégico. "
Cuerpos conectados ,"Baigorri, L. y Ortuño, P. ",Editorial Dykinson ,- ,2021 ,978-8413774411 ,"Multimedia, Arte, Transmedia, Identidad, Arte digital ",MM_21/23 ,"Análisis crítico sobre la representación del cuerpo en el arte digital y los medios transmedia. Explora identidad, género y autorrepresentación en entornos conectados. "
Infocracia ,Byung-Chul Han ,Taurus ,- ,2022 ,978-8430624898 ,"Multimedia, Filosofía, Información, Digitalización ",MM_22/23 ,"Reflexión filosófica sobre el poder de la información en la era digital. Examina cómo los datos y algoritmos transforman la política, la libertad y la verdad. "
Nuevos formatos de cine digital ,"Quiles, A. ",Redbook ,- ,2019 ,978-8494879999 ,"Multimedia, Cine digital ",MM_23/23 ,"Estudio sobre la evolución del cine en la era digital. Aborda narrativas emergentes, tecnologías audiovisuales y el impacto de lo digital en la producción cinematográfica. "
Cómo escribir una buena historia ,"Sahagún Campos, J. ",Berenice Manuales ,- ,2022 ,978-8411310048 ,"Multimedia, Escritura narrativa ",MM_24/23 ,"Guía práctica para la escritura narrativa. Ofrece técnicas para construir personajes, tramas y estilos efectivos en diversos géneros literarios. "
La creatividad ,"Bassat, L. ",Penguin Random House ,- ,2014 ,978-8416029044 ,"Multimedia, Creatividad ",MM_25/23 ,Reflexión sobre el proceso creativo en publicidad y comunicación. Presenta casos reales y consejos para estimular ideas originales. 
Pensar con imágenes ,"Jardí, E. ",Editorial GG ,- ,2021 ,- ,"Multimedia, Imagen, Diseño gráfico, Medios visuales, Publicidad ",MM_26/23 ,"Ensayo sobre el poder comunicativo de las imágenes. Explora su uso en diseño gráfico, publicidad y medios visuales. "
La sintaxis de la imagen ,"Dondis, D. ",Editorial GG ,- ,2020 ,- ,"Multimedia, Imagen, Lenguaje visual ",MM_27/23 ,"Introducción al lenguaje visual. Analiza elementos como forma, color, composición y ritmo en la construcción de mensajes gráficos. "
Cultura transmedia ,"Jenkins, H.; Ford, S.; Green, J. ",Editorial Gedisa ,- ,2015 ,978-8497848442 ,"Multimedia, Transmedia ",MM_28/23 ,"Estudio sobre la cultura participativa y la narrativa transmedia. Examina cómo los usuarios crean, comparten y transforman contenidos en red. "
El lenguaje de los nuevos medios de comunicación ,"Manovich, Lev ",Paidós ,- ,2005 ,978-8449317699 ,"Multimedia, Medios digitales ",MM_29/23 ,"Obra clave sobre medios digitales. Analiza cómo la imagen, el texto y la interactividad redefinen la comunicación en la era digital. "
"Computer Networking: Principles, Protocols and Practice ",Olivier Bonaventure ,Lulu.com / Saylor Foundation ,1ª ,2016 ,978-1365185830 ,"Multimedia, Networking ",MM_30/23 ,"Libro de texto abierto que explica los principios fundamentales del funcionamiento de Internet. Cubre capas de red, protocolos, aplicaciones y prácticas de diseño de redes. "
VJ: Audio-Visual Art and VJ Culture ,Michael Faulkner / D-Fuse ,Laurence King Publishing ,1ª ,2006 ,978-1856694902 ,"Multimedia, VJ, VJCulture, VJing ",MM_31/23 ,"Explora el fenómeno del VJing como arte audiovisual en vivo. Incluye entrevistas, ejemplos de artistas internacionales, técnicas de mezcla visual y un DVD con actuaciones. "
Narrativa Transmedia ,María Celeste Marrocco ,SB Editorial ,1ª ,2023 ,978-6316503077 ,"Multimedia, Transmedia, Personajes ",MM_32/23 ,"Presenta herramientas para diseñar universos narrativos transmediales. Incluye fichas para guion, estructura de medios, personajes, público y viaje emocional del prosumidor. "
El guión. Story ,"McKee, Robert ",Editorial Alba ,- ,1997 ,- ,"Multimedia, Guión ",MM_33/23 ,"Referencia esencial para guionistas. Expone fundamentos narrativos, estructura dramática y técnicas para escribir guiones efectivos. "
Diseño y evaluación de proyectos culturales ,"Rossello Cerezuela, David ",Ariel ,- ,2017 ,978-8434426832 ,"Multimedia, Proyectos culturales ",MM_34/23 ,"Manual para la gestión de proyectos culturales. Incluye metodologías para planificar, ejecutar y evaluar iniciativas culturales con impacto social. "
El guión multimedia ,Álvaro Vargas ,CreateSpace Independent Publishing Platform ,1ª ,2016 ,978-1523689545 ,"Multimedia, Guión, Proyectos culturales ",MM_35/23 ,"Manual práctico para la creación de proyectos culturales. Incluye estructura, planificación, presupuesto, difusión y herramientas de comunicación. Dirigido a gestores culturales y creativos. "
Manual de tipografía ,John Kane ,LongSeller ,- ,2024 ,- ,"Multimedia, Tipografía ",MM_1/24 ,"Introducción al diseño tipográfico. Aborda historia, clasificación, legibilidad, composición y aplicación de la tipografía en medios impresos y digitales. "
100 Things Every Designer Needs to Know About People ,Susan M. Weinschenk ,Peachpit Press ,- ,2020 ,978-0136746911 ,"Multimedia, Psicología ",MM_2/24 ,"Explora principios psicológicos aplicados al diseño. Trata percepción, atención, memoria, motivación y cómo influyen en la experiencia del usuario. "
Designing with the Mind in Mind ,Jeff Johnson ,Morgan Kaufmann ,3ª ,2021 ,978-0128182024 ,"Multimedia, Diseño ",MM_3/24 ,"Explica fundamentos cognitivos del diseño de interfaces. Incluye principios de percepción, atención, carga cognitiva y errores humanos. "
User Research ,Stephanie Marsh ,KoganPage ,2ª ,2022 ,978-1398603578 ,"Multimedia, Investigación ",MM_4/24 ,"Guía sobre investigación de usuarios. Cubre métodos cualitativos y cuantitativos, entrevistas, encuestas, pruebas de usabilidad y análisis de datos. "
Handbook of Media Management and Economics ,"Alan B. Albarran, Bozena I. Mierzejewska, Jaemin Jung ",Routledge ,2ª ,2018 ,978-1351747530 ,"Multimedia, Handbook, Gestión, Economía ",MM_5/24 ,"Compendio académico sobre gestión y economía de medios. Examina modelos de negocio, políticas, mercados, innovación y tendencias en la industria mediática. "
Anthology for The Musician's Guide to Theory and Analysis ,"Jane Piper Clendinning, Elizabeth West Marvin ",W. W. Norton & Company ,4ª ,2021 ,978-0393442311 ,"Música, Partituras ",MUS_1/23 ,Antología con más de 100 piezas que ilustran conceptos teóricos clave mediante aprendizaje en espiral. 
Measured Tones: The Interplay of Physics and Music ,Ian Johnston ,CRC Press ,3ª ,2009 ,978-1439894675 ,"Música, Física, Psicoacústica ",MUS_2/23 ,"Relación entre física y música, ideal para estudiantes y curiosos. "
Fundamentals of Musical Composition ,Arnold Schoenberg ,Faber & Faber ,- ,1999 ,978-0571196586 ,"Música, Composición musical ",MUS_3/23 ,Introducción sistemática a la composición musical con análisis y ejemplos. 
Logic Pro X Advanced Audio Production ,David Dvorin ,Peachpit Press ,- ,2015 ,978-0134135816 ,"Música, Logic Pro X, Edición de audio, MIDI, Composición, Mezcla, Notación ",MUS_4/23 ,Guía certificada por Apple para producción musical avanzada. 
Accordion for Composers / Acordeón para compositores ,"Ricardo Llanos, Iñaki Alberdi ",Autoedición ,- ,2003 ,84-60767787 ,"Música, Acordeón ",MUS_5/23 - MUS_6/23 ,Manual práctico sobre técnicas y acústica del acordeón de concierto. 
Teoría musical y armonía moderna. Vol. 1 ,Enric Herrera ,Antoni Bosch Editor ,- ,2022 ,978-8485855315 ,"Música, Armonía ",MUS_7/23 ,Introducción práctica a la armonía no clásica. 
Teoría musical y armonía moderna. Vol. 2 ,Enric Herrera ,Antoni Bosch Editor ,- ,2022 ,978-8485855452 ,"Música, Armonía ",MUS_8/23 ,Armonía avanzada aplicada al jazz y música moderna. 
Técnicas de Microfonía en la producción musical ,Arianne Luna ,Independently Published ,- ,2019 ,978-1674130538 ,"Música, Microfonía, Grabación musical ",MUS_9/23 ,Manual básico sobre uso de micrófonos en grabación. 
El arte del montaje ,Michael Ondaatje ,Plot Ediciones ,- ,2007 ,978-8486702748 ,"Música, Montaje cinematográfico, Imagen, Sonido ",MUS_10/23 ,Conversaciones sobre montaje cinematográfico con Walter Murch. 
Music Composition for Dummies ,"Scott Jarrett, Holly Day ",For Dummies ,- ,2008 ,978-0470224212 ,"Música, Composición musical, Finale, Pro Tools ",MUS_11/23 ,Guía práctica para aprender a componer música. 
Armonías y suaves cantos ,Anna Beer ,Acantilado ,- ,2019 ,978-8417346614 ,"Música, Música clásica, Historia, Mujeres ",MUS_12/23 ,Ensayo sobre compositoras olvidadas en la historia de la música. 
Filosofía y consuelo de la música ,Ramón Andrés ,Acantilado ,5ª ,2020 ,978-8417902391 ,"Música, Historia, Filosofía de la música ",MUS_13/23 ,Historia filosófica de la música como consuelo y conocimiento. 
Técnicas de Grabación Modernas ,David Miles Huber ,Ediciones Omega ,6ª ,2007 ,978-8428212977 ,"Música, Acústica, Microfonía, Mezcla, Sonido, Tecnología digital, Masterización ",MUS_14/23 ,Manual completo sobre grabación y producción musical. 
Manual básico de tecnología audiovisual ,José Martínez Abadía ,Ediciones Paidós Ibérica ,1ª ,2004 ,978-8449316548 ,"Música, Tecnología audiovisual ",MUS_15/23 ,Introducción técnica a la creación y difusión audiovisual. 
Grabación en estudio. Preparación y técnicas ,"Alejandro Gómez Ferreras, Francesc Morales Galiana, José Luis Molero Milán ",Altaria ,2ª ,2021 ,978-8412385564 ,"Música, Grabación de estudio ",MUS_16/23 ,Técnicas profesionales de grabación en estudio. 
El canto de las sirenas ,Eugenio Trías ,Galaxia Gutenberg ,- ,2007 ,978-8481097016 ,"Música, Filosofía, Historia ",MUS_17/23 ,Ensayos filosóficos sobre grandes compositores. 
Springer Handbook of Acoustics ,Thomas D. Rossing (ed.) ,Springer ,1ª ,2007 ,978-0387306336 ,"Música, Acústica, Acústica animal, oceánica, médica ",MUS_18/23 ,Manual interdisciplinar sobre acústica. 
The Music Mixing Workbook ,Bobby Owsinski ,Bobby Owsinski Media Group ,- ,2021 ,978-1946837103 ,"Música, Mezcla ",MUS_19/23 ,175 ejercicios para aprender mezcla musical. 
Elementos de Narrativa Audiovisual ,Francisco Javier Gómez Tarín ,Shangrila Ediciones ,2ª ,2015 ,978-8493828127 ,"Música, Narrativa audiovisual ",MUS_20/23 ,Análisis crítico de herramientas narrativas audiovisuales. 
Música para la imagen. La influencia secreta ,José Nieto ,Fundación Autor - SGAE ,- ,2003 ,978-8480486040 ,"Música, Música para cine, Banda sonora ",MUS_21/23 ,Reflexión sobre la música en el cine desde la experiencia profesional. 
Micrófonos: mirando el sonido ,Pascual Torres Alberich ,Universitat Jaume I ,- ,2009 ,978-8480217156 ,"Música, Microfonía, Sonido ",MUS_22/23 ,Manual técnico y artístico sobre el uso del micrófono. 
El sonido ,Michel Chion ,La Marca Editora ,- ,2020 ,978-9508893390 ,"Música, Sonido, Cine ",MUS_23/23 ,Ensayo sobre la experiencia sonora y su relación con la cultura. 
La práctica armónica en la música tonal ,Robert Gauldin ,Ediciones Akal ,- ,2009 ,978-8446025160 ,"Música, Armonía ",MUS_1/24 ,Tratado exhaustivo sobre armonía tonal. 
Silencio ,John Cage ,Árdora Ediciones ,- ,2002 ,978-8488020345 ,"Música, Filosofía, Silencio ",MUS_2/24 ,Escritos que desafían las nociones tradicionales de música. 
Ingeniería del Sonido. Sistemas de sonido en directo ,Daniel López Feo ,Starbook Editorial ,- ,2009 ,978-8492650149 ,"Música, Sonido, Acústica, Electroacústica, FOH, PA, Monotorización, Line Array ",MUS_3/24 ,Análisis técnico de sistemas de sonido en directo. 
Loops. Una historia de la música electrónica en el siglo XX ,"Javier Blánquez, Omar León ",Reservoir Books ,- ,2018 ,978-8417125806 ,"Música, Música electrónica, Loops ",MUS_4/24 ,Historia crítica y cultural de la música electrónica. 
Música Electrónica y Diseño Sonoro. Teoría y Práctica con Max8. Vol. 1 ,"Alessandro Cipriani, Maurizio Giri ",ConTempoNet ,- ,2020 ,978-8899212179 ,"Música, Música electrónica, LFO, Max/MSP ",MUS_5/24 ,Método educativo sobre síntesis y procesamiento de sonido. 
Configuración y ajustes de Sistemas de sonido ,"Albert G. Digón, Josep Ferrer Balagué ",Altaria ,2ª ,2018 ,978-8494300783 ,"Música, Sistemas de sonido, RiTA, Audio, Sonido ",MUS_6/24 ,Diseño y optimización de sistemas de sonido con ejercicios prácticos. 
Enfoques analíticos de la Música del siglo XX ,Joel Lester ,Ediciones Akal ,- ,2005 ,978-8446016922 ,"Música, Ritmo, Textura, Timbre ",MUS_7/24 ,Técnicas analíticas aplicadas a la música del siglo XX. 
Ley de Propiedad Intelectual ,Editorial Tecnos ,Tecnos ,6ª ,2024 ,978-8430991051 ,"Música, Leyes, Decretos, Normativa ",MUS_8/24 ,Incluye legislación actualizada sobre derechos de autor. 
La imaginación sonora ,Eugenio Trías ,Galaxia Gutenberg ,- ,2014 ,978-8416252077 ,"Música, Filosofía, Historia de la música ",MUS_9/24 ,Recorrido filosófico-musical desde los orígenes hasta la actualidad. 
Producción y desarrollo de proyectos audiovisuales ,"Carmen Ciller Tenreiro, Manuel Palacio Arranz ",Editorial Síntesis ,- ,2016 ,978-8490774182 ,"Música, Proyecto audiovisual ",MUS_10/24 ,Guía práctica y teórica sobre producción audiovisual. 
Sistema de audio para sonido en directo ,Julián Zafra ,RA-MA ,- ,2023 ,978-8419857521 ,"Música, Sistemas de sonido, PA, Mecla, Microfonía, Ecualización ",MUS_11/24 ,Manual técnico sobre sonorización en directo. 
Narrativa Audiovisual. Estrategias y recursos ,"Fernando Canet, Josep Prósper ",Editorial Síntesis ,- ,2009 ,978-8497566544 ,"Música, Narrativa audiovisual ",MUS_12/24 ,Herramientas narrativas para creación audiovisual. 
Logic Pro X. Desde la idea hasta el Máster final ,Marco Perino ,Independently published (ProSuono.com) ,- ,2024 ,979-8327102620 ,"Música, Logic Pro X ",MUS_13/24 ,Guía práctica para producción musical completa con Logic Pro X. 
Escritos al oído ,John Cage ,Colegio Oficial de Aparejadores y Arquitectos Técnicos de Murcia ,- ,1999 ,978-8489882102 ,"Música, Sonido, Silencio, Percepción ",MUS_14/24 ,Textos filosóficos y poéticos sobre música y sonido. 
La música moderna y contemporánea a través de los escritos de sus protagonistas ,José María García Laborda (coord.) ,Ediciones Doble J ,- ,2009 ,978-8493326500 ,"Música, Filosofía ",MUS_15/24 ,Antología comentada de textos fundamentales del pensamiento musical. 
Producción musical: desde cero ,Pablo Agustín Britos ,Independently published ,- ,2023 ,979-8377342977 ,"Música, Hardware, Software, Instrumentos virtuales ",MUS_16/24 ,Introducción accesible a la producción musical para principiantes. 
Sound Design & Science Fiction ,William Whittington ,University of Texas Press ,- ,2007 ,978-0292714311 ,"Música, Diseño sonoro, Sonido, Cine, Ciencia Ficción, Narrativa cinematográfica ",MUS_17/24 ,Estudio sobre diseño sonoro en el cine de ciencia ficción. 
Grabación: nociones importantes de audio y MIDI ,Paul Martínez Fourmy ,Apmusica ,- ,2007 ,978-8496978003 ,"Música, Audio, MIDI, Grabación ",MUS_18/24 ,Manual sobre tecnologías musicales para músicos. 
The Palgrave Handbook of Sound Design and Music in Screen Media ,"Liz Greene, Danijela Kulezic-Wilson (eds.) ",Palgrave Macmillan ,- ,2016 ,978-1137516794 ,"Música, Diseño sonoro, Sonido ",MUS_19/24 ,Estudios sobre integración de música y sonido en medios audiovisuales. 
A Musician's Dictionary ,David W. Barber ,Sound and Vision ,- ,1997 ,978-0920151211 ,"Música, Diccionarios ",MUS_20/24 ,Diccionario humorístico de términos musicales. 
Música y sonido en los audiovisuales ,Josep Gustems (coord.) ,Universitat de Barcelona ,- ,2012 ,978-8447535958 ,"Música, Sonido, Audiovisual, Psicología, Filosofía, Física, Comunicación, Tecnología ",MUS_21/24 ,Enfoque multidisciplinar sobre música y sonido en el audiovisual. 
Técnicas de mezcla y mastering ,Carlos David Perales Cejudo ,Impromptu Editores ,- ,2021 ,978-8412242089 ,"Música, Mezcla, Mastering ",MUS_22/24 ,Manual técnico sobre mezcla y masterización. 
Master Handbook of Acoustics ,"F. Alton Everest, Ken C. Pohlmann ",McGraw Hill ,7ª ,2022 ,978-1260473599 ,"Música, Acústica, Ruido HVAC, Espacio de grabación ",MUS_23/24 ,Guía de referencia en acústica arquitectónica. 
Aproximación al sonido ,Orión Vargas Vélez ,CreateSpace Independent Publishing Platform ,2ª ,2012 ,978-1481803212 ,"Música, Sonido ",MUS_24/24 ,"Introducción al sonido desde aspectos físicos, tecnológicos y de producción. "
The Art of Mixing ,David Gibson ,Focal Press / Routledge ,3ª ,2019 ,978-0815369493 ,"Música, Mezcla, Ecualización, Efectos ",MUS_25/24 ,Guía visual para mezclar música con representaciones tridimensionales. 
The Musician’s Guide to Acoustics ,"Murray Campbell, Clive Greated ",Oxford University Press ,- ,2001 ,978-0198165057 ,"Música, Acústica ",MUS_26/24 ,Manual sobre acústica musical para músicos y estudiantes. 
Noise Control in Buildings ,Cyril M. Harris ,McGraw-Hill ,- ,1994 ,978-0070268876 ,"Música, Ruido HVAC ",MUS_27/24 ,Guía técnica para control del ruido en arquitectura. 
Audio-Vision: Sound on Screen ,Michel Chion ,Columbia University Press ,2ª ,2019 ,978-0231185899 ,"Música, Sonido ",MUS_28/24 ,Estudio sobre la percepción integrada de imagen y sonido en cine. 
The Musician’s Guide to Theory and Analysis ,"Jane Piper Clendinning, Elizabeth West Marvin ",W. W. Norton & Company ,4ª ,2021 ,978-0393442403 ,"Música, Teoría ",MUS_29/24 ,Texto integral para el estudio de teoría musical con recursos digitales. 
On the Track: A Guide to Contemporary Film Scoring ,"Fred Karlin, Rayburn Wright ",Routledge ,2ª ,2004 ,978-0415941365 ,"Música, Música para cine ",MUS_30/24 ,Guía completa sobre composición musical para cine y televisión. 
Composing Music: A New Approach ,"William Russo, Jeffrey Ainis, David Stevenson ",University of Chicago Press ,- ,1988 ,978-0226732169 ,"Música, Composición ",MUS_31/24 ,Manual práctico para aprender composición musical desde cero. 
El placer de la escucha ,Llorenç Barber ,Árdora Exprés ,- ,2003 ,978-8488020369 ,"Música, Música contemporánea, Sonido, Audio ",MUS_32/24 ,Conversaciones sobre escucha activa y poética del sonido. 
Música de cine. La ilusión óptica ,Conrado Xalabarder ,Libros en Red ,- ,2006 ,978-1597541671 ,"Música, Música para cine ",MUS_33/24 ,Guía clara sobre la función narrativa de la música en el cine. 
Music Theory for Electronic Music Producers ,J. Anthony Allen ,Slam Academy ,- ,2018 ,978-0692093290 ,"Música, Música electrónica ",MUS_34/24 ,Teoría musical aplicada a la producción electrónica. 
Grabación en estudio. Preparación y técnicas ,"Alejandro Gómez, Francesc Morales, José Luis Molero ",Altaria ,2ª ,2021 ,978-8412385564 ,"Música, Estudio de grabación, Microfonía, Acústica, Producción musical ",MUS_35/24 ,Manual completo sobre grabación profesional en estudio. 
"Sound Design. The Expressive Power of Music, Voice and Sound Effects in Cinema ",David Sonnenschein ,Michael Wiese Productions ,- ,2001 ,978-0941188265 ,"Música, Sonido, Efectos, Diseño del sonido ",MUS_36/24 ,Cómo el diseño sonoro potencia la narrativa cinematográfica. 
Musical Composition: Craft and Art ,Alan Belkin ,Yale University Press ,- ,2018 ,978-0300218992 ,"Música, Composición ",MUS_37/24 ,Introducción a la composición musical con enfoque estilo-neutral. 
El estudio de la orquestación ,Samuel Adler ,Idea Books (Norton & Company) ,- ,2006 ,978-8482361864 ,"Música, Orquestación, Instrumentación ",MUS_1/25 ,Análisis detallado de instrumentación y orquestación con ejemplos educativos. 
